date,ens_mean,ens_sd,horizon,doy,clim_mean,clim_sd,spread_ratio,month
2026-09-15,93.552,1.8437140864713977,0,258,87.38846153846154,2.3103812539192603,0.7980129181466381,2026-09-01
2026-09-16,92.758,1.92969173809747,1,259,87.13461538461539,2.4496436161519175,0.7877438682810414,2026-09-01
2026-09-17,90.656,1.9135563642557474,2,260,86.85,3.043846251044884,0.6286639358341002,2026-09-01
2026-09-18,90.422,1.8307230644681105,3,261,87.07307692307693,3.0757838275545555,0.5952053743398645,2026-09-01
2026-09-19,89.254,2.346357141769918,4,262,86.86923076923077,2.897139172462273,0.8098876174373609,2026-09-01
2026-09-20,88.886,2.5397260016122414,5,263,86.25,2.213820227570432,1.1472142001338006,2026-09-01
2026-09-21,87.916,3.165526038755774,6,264,86.94615384615385,1.732335018229619,1.827317467721008,2026-09-01
2026-09-22,88.006,2.8468679531824344,7,265,86.69615384615385,2.172276367174448,1.3105459306199838,2026-09-01
2026-09-23,87.934,2.5996553931752775,8,266,86.33461538461539,2.6534418867112675,0.9797295377730492,2026-09-01
2026-09-24,88.162,2.412035299433714,9,267,86.78461538461538,1.8831234282844656,1.2808694656999142,2026-09-01
2026-09-25,88.056,2.4580695926781604,10,268,86.78076923076924,1.8727560931993743,1.3125412335350353,2026-09-01
2026-09-26,87.824,2.551075003497425,11,269,86.19615384615385,2.748742369772878,0.9280880709486841,2026-09-01
2026-09-27,87.672,2.6743711830054178,12,270,85.20769230769231,3.290097029198146,0.8128548061870409,2026-09-01
2026-09-28,87.254,3.546611490031646,13,271,86.08461538461539,3.4235294428635847,1.0359518003926118,2026-09-01
2026-09-29,87.258,3.384905870936744,14,272,85.21923076923076,3.6243641352126,0.9339309585509377,2026-09-01
2026-09-30,88.122,2.886088377449481,15,273,85.76923076923077,3.0666945372200636,0.9411072222620839,2026-09-01
2026-10-01,88.324,2.929760037537379,16,274,85.77692307692308,3.1071926483316337,0.9428961667730758,2026-10-01
2026-10-02,88.184,2.810720003624608,17,275,86.16538461538461,3.15505211464943,0.890863257241923,2026-10-01
2026-10-03,87.986,2.5710325091809523,18,276,85.19615384615385,3.232396110532342,0.7953952489930233,2026-10-01
2026-10-04,88.286,2.4848118230397986,19,277,85.5923076923077,3.2639758671807706,0.7612837607117581,2026-10-01
2026-10-05,88.166,2.5222770729349024,20,278,85.48076923076923,2.9299855604789924,0.8608496597923718,2026-10-01
2026-10-06,88.396,2.467830576660813,21,279,86.62692307692308,2.405420161602989,1.0259457437224744,2026-10-01
2026-10-07,87.92,3.0553399223026436,22,280,86.12692307692308,2.8092073888992517,1.087616362670837,2026-10-01
2026-10-08,87.35,3.3321715662520712,23,281,85.78076923076924,2.502162141951513,1.331716882125476,2026-10-01
2026-10-09,86.698,3.180648759390488,24,282,85.76538461538462,1.9770568646738138,1.6087796037749524,2026-10-01
2026-10-10,86.652,3.348422717321925,25,283,85.56923076923077,2.5261463505932085,1.32550622672183,2026-10-01
2026-10-11,86.892,3.1332215930285563,26,284,85.71923076923076,2.8217752186549854,1.1103724961203763,2026-10-01
2026-10-12,86.74,3.423746605157358,27,285,85.02692307692308,2.9476170297116555,1.1615303381159658,2026-10-01
2026-10-13,86.746,3.13116070282871,28,286,84.81538461538462,2.823712776851401,1.1088807362058015,2026-10-01
2026-10-14,86.87,2.808169568692499,29,287,85.1,2.768104044287355,1.014473995111502,2026-10-01
2026-10-15,86.862,3.09336947257801,30,288,85.48846153846154,2.5210040734718264,1.2270386649228793,2026-10-01
2026-10-16,85.946,3.7441769755835255,31,289,84.58076923076923,3.217952048215664,1.163527895842839,2026-10-01
2026-10-17,86.304,3.676175919043471,32,290,83.24615384615385,3.9837902323521757,0.9227835063175307,2026-10-01
2026-10-18,86.42999999999999,3.43280988018116,33,291,83.65384615384615,4.278058510046889,0.8024223773749966,2026-10-01
2026-10-19,86.168,3.463479434891792,34,292,83.86538461538461,3.257476607153741,1.0632400021801072,2026-10-01
2026-10-20,85.934,3.562308927922898,35,293,83.43846153846154,4.5829315441605205,0.7772991792691996,2026-10-01
2026-10-21,85.65,4.1374965318439125,36,294,83.73076923076923,3.9924698351540977,1.0363250575903769,2026-10-01
2026-10-22,86.248,3.4299544829490145,37,295,84.22692307692307,3.512555501888355,0.9764840672567496,2026-10-01
2026-10-23,86.304,3.614085821688607,38,296,84.6,3.0191389500981907,1.1970584598536174,2026-10-01
2026-10-24,85.984,4.139573082592268,39,297,83.68461538461538,3.898070528627443,1.0619543828648634,2026-10-01
2026-10-25,86.01,4.17901707025341,40,298,82.66538461538461,4.374100347060393,0.955400365485879,2026-10-01
2026-10-26,85.956,4.201562391612463,41,299,82.63461538461539,4.720164599476785,0.8901304823306783,2026-10-01
2026-10-27,85.318,2.523496925834046,42,300,83.08846153846154,4.402210982956352,0.5732339807437772,2026-10-01
2026-10-28,84.31,2.6232282650604857,43,301,82.84615384615384,4.443712931252943,0.5903235212632972,2026-10-01
2026-10-29,82.974,2.899881067230453,44,302,82.39615384615385,5.048364548582502,0.5744199015985666,2026-10-01
2026-10-30,82.434,3.89303983843904,45,303,81.7,6.484072794162632,0.6004003906223566,2026-10-01
2026-10-31,82.964,3.6557341036698343,46,304,82.23461538461538,5.005352519668703,0.7303649621688988,2026-10-01
2026-11-01,82.336,3.641190655232861,47,305,82.45,4.54719693877448,0.8007549935178753,2026-11-01
2026-11-02,82.004,4.370212716066972,48,306,82.8423076923077,4.099675409290163,1.0659899332917313,2026-11-01
2026-11-03,81.844,4.778871867557301,49,307,82.49230769230769,3.519536682794833,1.3578127743116577,2026-11-01
2026-11-04,81.298,5.000877065932678,50,308,82.42307692307692,3.5241234589392803,1.4190413940372801,2026-11-01
2026-11-05,81.308,4.39284390241907,51,309,81.96538461538461,4.302180127116232,1.0210739143001923,2026-11-01
2026-11-06,80.758,4.844988574363647,52,310,81.22692307692307,5.426494831274252,0.8928394341114566,2026-11-01
2026-11-07,80.786,5.374657464168564,53,311,81.33846153846154,4.877136612651069,1.1020108500194457,2026-11-01
2026-11-08,80.14,5.040934477670114,54,312,81.36923076923077,4.857881779604705,1.0376815876487435,2026-11-01
2026-11-09,79.804,5.05197314453088,55,313,80.32307692307693,4.893367567825469,1.0324123570336845,2026-11-01
2026-11-10,79.81,4.741447725179752,56,314,80.81923076923077,3.5931066480992997,1.3195956005613994,2026-11-01
2026-11-11,80.5,4.638393458682761,57,315,80.39615384615385,5.6449964229735885,0.8216822671146027,2026-11-01
2026-11-12,80.156,4.954493322392578,58,316,80.95,3.7487331193351174,1.3216447169414174,2026-11-01
2026-11-13,79.844,4.6217392255933,59,317,80.14615384615385,3.985998571924559,1.1594934474253429,2026-11-01
2026-11-14,80.434,4.652960874320691,60,318,80.72692307692309,3.8253426191448736,1.216351406285491,2026-11-01
2026-11-15,80.12,4.740662142678005,61,319,79.74230769230769,3.404487988161871,1.3924743336332206,2026-11-01
2026-11-16,79.328,4.941991666590815,62,320,78.86153846153846,3.701791665999256,1.3350269578871024,2026-11-01
2026-11-17,79.326,4.883408394863204,63,321,79.15384615384616,4.295041864217927,1.1369873796916787,2026-11-01
2026-11-18,77.956,5.514513688847802,64,322,78.30384615384615,4.914263384820213,1.1221445122135123,2026-11-01
2026-11-19,77.602,5.741275190785278,65,323,79.15384615384615,4.295414370626494,1.3366056672078188,2026-11-01
2026-11-20,76.78,6.617848469657411,66,324,78.91538461538461,4.464947238899229,1.4821784257609616,2026-11-01
2026-11-21,76.43599999999999,6.69138221284417,67,325,77.91153846153846,5.233838126887528,1.2784847468760785,2026-11-01
2026-11-22,77.254,5.6989870206225675,68,326,77.55384615384615,4.609141418462294,1.2364530621245005,2026-11-01
2026-11-23,77.236,5.5649691492993085,69,327,77.10384615384615,5.0914422922571365,1.0930044631483484,2026-11-01
2026-11-24,76.998,5.711981321069328,70,328,78.0576923076923,3.7134537107036167,1.538185679979039,2026-11-01
2026-11-25,76.298,6.666256483979903,71,329,78.75,2.7253256686128355,2.446040324924897,2026-11-01
2026-11-26,76.368,6.52450451633482,72,330,78.91923076923077,3.045392484494467,2.142418275987137,2026-11-01
2026-11-27,75.97,6.269695497602181,73,331,77.54230769230769,4.497748154525601,1.3939632194154001,2026-11-01
2026-11-28,76.006,5.954878295163058,74,332,76.42692307692307,5.844899156858581,1.018816259331938,2026-11-01
2026-11-29,76.406,6.268235763900137,75,333,77.19615384615385,5.2014214033651065,1.2051005442175566,2026-11-01
2026-11-30,76.38,6.313154391217353,76,334,78.53076923076924,3.8231682391199304,1.6512886685495696,2026-11-01
2026-12-01,74.996,6.897942905426995,77,335,78.7,3.983666652720832,1.7315562537632816,2026-12-01
2026-12-02,74.138,6.290514076523379,78,336,77.72307692307692,4.4179006500651585,1.4238695196621503,2026-12-01
2026-12-03,74.198,5.885315173707993,79,337,77.15769230769232,5.070319364846603,1.1607385551513572,2026-12-01
2026-12-04,74.648,5.874269038330971,80,338,77.6576923076923,3.733006624898818,1.5736026288167093,2026-12-01
2026-12-05,74.34,6.721121140684424,81,339,77.86153846153846,3.4077648889648384,1.9722960238392706,2026-12-01
2026-12-06,74.226,6.835227180734002,82,340,76.91923076923077,5.293393560336827,1.291275077664746,2026-12-01
2026-12-07,74.032,7.032531985170703,83,341,77.11153846153846,5.634630559181458,1.2480910525200994,2026-12-01
2026-12-08,72.82,6.921837670351268,84,342,76.96538461538462,5.230980199365493,1.3232391266154808,2026-12-01
2026-12-09,72.794,6.912703774167367,85,343,77.41923076923077,5.502509916812089,1.2562819292786085,2026-12-01
2026-12-10,73.518,5.678412037295826,86,344,76.58846153846154,7.055172679563663,0.8048579808321594,2026-12-01
2026-12-11,72.81400000000001,7.380448800025371,87,345,76.38461538461539,6.553331507420776,1.1262132537729848,2026-12-01
2026-12-12,72.994,6.251152057086463,88,346,76.87692307692308,5.1332101217314445,1.2177861238569236,2026-12-01
2026-12-13,72.96,6.000918297074478,89,347,76.75,6.127789160863809,0.9792958177152025,2026-12-01
2026-12-14,72.876,6.4579822463272185,90,348,76.26153846153846,6.77484033306037,0.9532301764829906,2026-12-01
2026-12-15,73.044,7.043745524961004,91,349,76.04230769230769,6.344520349209896,1.1102093046069565,2026-12-01
2026-12-16,73.322,6.755112651819769,92,350,76.66538461538461,5.687455832457414,1.1877213381191298,2026-12-01
2026-12-17,73.446,5.81115078701179,93,351,77.28461538461539,5.572984285475229,1.0427359004326084,2026-12-01
2026-12-18,72.844,5.117483437657017,94,352,75.87307692307692,5.097258690104531,1.0039677694977007,2026-12-01
2026-12-19,71.55799999999999,5.626036049711471,95,353,74.73076923076923,5.63608156298464,0.9982176423174669,2026-12-01
2026-12-20,70.388,5.959853442931671,96,354,75.16923076923077,5.894184878727117,1.0111412460850286,2026-12-01
2026-12-21,69.744,7.079206689095805,97,355,74.22307692307692,6.784294079257337,1.0434699036322954,2026-12-01
2026-12-22,70.042,5.543081365126094,98,356,73.8576923076923,5.338552094111141,1.0383117495922847,2026-12-01
2026-12-23,72.204,5.317393868336294,99,357,75.29230769230769,4.585971921145884,1.1594911525336273,2026-12-01
2026-12-24,72.28,5.7741507017509175,100,358,75.78846153846153,5.974099224022107,0.9665307664346805,2026-12-01
2026-12-25,71.848,6.4301661514065005,101,359,75.52307692307693,6.5978971008834435,0.9745781198293493,2026-12-01
2026-12-26,71.674,6.563933924974304,102,360,74.48076923076923,7.130498957619683,0.9205434239577378,2026-12-01
2026-12-27,72.2,5.69579150042613,103,361,74.45769230769231,7.990302776587284,0.7128380062287005,2026-12-01
2026-12-28,72.212,5.635008646752868,104,362,74.8576923076923,6.772897346153894,0.8319938068975464,2026-12-01
2026-12-29,72.276,6.05867770311345,105,363,75.67692307692307,5.3788703417954,1.1263847830715956,2026-12-01
2026-12-30,71.714,6.745429594040936,106,364,75.68461538461538,4.904014054440896,1.3754914890450856,2026-12-01
2026-12-31,70.492,6.852702133509981,107,365,75.04230769230769,6.20703942806379,1.1040210414206435,2026-12-01
2027-01-01,70.776,7.1667474762094905,108,1,76.15555555555555,4.710326898122835,1.5214968368895143,2027-01-01
2027-01-02,70.524,6.411232489998808,109,2,75.38148148148149,6.157986498913238,1.0411248045331478,2027-01-01
2027-01-03,71.34,5.879469641498808,110,3,73.25185185185185,7.802631231261293,0.753523967394829,2027-01-01
2027-01-04,71.204,6.024506415551435,111,4,71.81851851851852,8.725516825646713,0.6904469426777954,2027-01-01
2027-01-05,70.632,7.050211749606229,112,5,72.65555555555555,7.19878907195954,0.9793607895900097,2027-01-01
2027-01-06,71.742,5.8237756881001275,113,6,73.65925925925926,6.085434012665582,0.9570025204412921,2027-01-01
2027-01-07,71.184,6.327341383202889,114,7,72.20370370370371,7.370600720820182,0.8584566744104948,2027-01-01
2027-01-08,70.516,6.016180902620967,115,8,73.16666666666667,7.435776303168972,0.809085784366186,2027-01-01
2027-01-09,69.852,6.1287625677819255,116,9,73.84814814814814,6.919558143428301,0.8857158854286937,2027-01-01
2027-01-10,69.684,6.022012681379365,117,10,73.35555555555555,7.811250925789096,0.7709408824004739,2027-01-01
2027-01-11,70.174,6.703206969314716,118,11,74.71111111111111,5.998226233539207,1.1175315348783603,2027-01-01
2027-01-12,69.312,6.730364941435044,119,12,74.92222222222222,6.084553793976587,1.1061394424843083,2027-01-01
2027-01-13,69.662,6.508452588906277,120,13,74.12962962962963,5.781323698228952,1.1257720426379296,2027-01-01
2027-01-14,70.006,6.467451000895143,121,14,71.42222222222222,5.515944255124505,1.1725011533404557,2027-01-01
2027-01-15,69.64,6.203817126477497,122,15,71.76296296296296,5.643113444254805,1.099360696495219,2027-01-01
2027-01-16,69.19800000000001,6.550883722904904,123,16,72.61481481481482,5.117819826066542,1.2800145267989607,2027-01-01
2027-01-17,68.342,6.525682073976041,124,17,72.7962962962963,5.562199446088092,1.1732197195060252,2027-01-01
2027-01-18,68.898,6.091227884659804,125,18,71.48148148148148,6.918316660366553,0.880449419084132,2027-01-01
2027-01-19,69.882,6.2545881934295045,126,19,72.71111111111111,5.721910206413274,1.0930944331176657,2027-01-01
2027-01-20,70.782,5.549395628060293,127,20,72.5925925925926,4.829789446432018,1.1489932821315596,2027-01-01
2027-01-21,69.914,5.565931720598749,128,21,72.08888888888889,7.115602214274971,0.7822151313395022,2027-01-01
2027-01-22,69.748,6.309346484480345,129,22,72.82962962962964,7.06703151775443,0.8927859552669943,2027-01-01
2027-01-23,69.406,5.819930920411973,130,23,72.32592592592593,7.2854751490996215,0.7988402679722586,2027-01-01
2027-01-24,69.868,6.926684279079047,131,24,72.24814814814815,8.138010074779213,0.851152089445769,2027-01-01
2027-01-25,70.162,6.565801628164544,132,25,72.68148148148148,5.511808096262831,1.191224642348552,2027-01-01
2027-01-26,70.18599999999999,6.6379554880418175,133,26,73.31851851851852,4.962322427517572,1.337671137859232,2027-01-01
2027-01-27,69.972,6.458376620438652,134,27,72.45925925925926,5.885919264146051,1.0972587850091169,2027-01-01
2027-01-28,69.876,5.656116790065172,135,28,72.51481481481481,6.172376658810902,0.9163596298017908,2027-01-01
2027-01-29,69.67,5.547687512350878,136,29,72.25555555555556,6.127638102723489,0.9053549539561015,2027-01-01
2027-01-30,69.312,5.79192400446254,137,30,72.76666666666667,5.800994609680177,0.9984363706867612,2027-01-01
2027-01-31,69.112,6.2517798282095765,138,31,74.02222222222223,4.9795221684054205,1.2554979407214022,2027-01-01
2027-02-01,68.54,5.133364254699696,139,32,74.25555555555556,6.036767686648551,0.8503498098913262,2027-02-01
2027-02-02,68.738,4.88211605176046,140,33,74.63703703703703,6.3597380296886294,0.767659930168458,2027-02-01
2027-02-03,69.492,6.11621598369316,141,34,74.75185185185185,4.998028101189998,1.2237258094321095,2027-02-01
2027-02-04,69.958,6.330750672837516,142,35,75.35555555555555,5.12597708009322,1.2350329652122412,2027-02-01
2027-02-05,69.45,6.4828895673809805,143,36,73.05185185185185,6.963165193765656,0.9310262484057277,2027-02-01
2027-02-06,69.122,6.200009545746436,144,37,75.1037037037037,5.9562818475365535,1.0409194367305983,2027-02-01
2027-02-07,68.86,5.975494173057564,145,38,75.11851851851851,5.80265436854529,1.029786334586667,2027-02-01
2027-02-08,68.524,6.100871801201356,146,39,74.87777777777778,6.137484659754186,0.9940345498876901,2027-02-01
2027-02-09,68.44,6.187644040788886,147,40,75.80740740740741,4.821261080314817,1.2834077926318912,2027-02-01
2027-02-10,68.824,6.936492085267567,148,41,76.53333333333333,5.848339672340939,1.1860617669101747,2027-02-01
2027-02-11,68.688,7.272274438592378,149,42,75.42962962962963,6.1527239005184855,1.1819601458111177,2027-02-01
2027-02-12,67.906,6.36262716885061,150,43,75.18888888888888,6.507471051582134,0.9777419090175885,2027-02-01
2027-02-13,68.538,5.213948717094348,151,44,73.80740740740741,6.319927331977914,0.825001371568392,2027-02-01
2027-02-14,68.932,5.446340842384782,152,45,73.84814814814816,6.570117102947157,0.828956433659564,2027-02-01
2027-02-15,68.76,5.749179178325354,153,46,76.4,4.6568394696568465,1.2345667519325076,2027-02-01
2027-02-16,69.674,5.592699687621209,154,47,75.28888888888889,5.7161938206180345,0.9783957407897214,2027-02-01
2027-02-17,70.652,5.1287998357415,155,48,74.97777777777777,6.890982587820188,0.7442769982914561,2027-02-01
2027-02-18,70.314,5.263428307768655,156,49,75.65185185185184,7.008092595233157,0.7510500519569038,2027-02-01
2027-02-19,70.264,5.501419482872635,157,50,76.46296296296296,6.715318203592333,0.8192343707450336,2027-02-01
2027-02-20,70.538,5.128308389593542,158,51,77.04444444444445,5.683602144180514,0.9022989751040997,2027-02-01
2027-02-21,70.842,5.195370388084736,159,52,77.91111111111111,4.030301891091204,1.2890772275816018,2027-02-01
2027-02-22,70.444,6.594715262068189,160,53,78.51851851851852,3.750696041766221,1.7582643830990647,2027-02-01
2027-02-23,70.692,6.340116525034883,161,54,78.16296296296296,5.470279710760694,1.1590113961746995,2027-02-01
2027-02-24,71.226,6.217611917704712,162,55,78.05925925925926,5.459308159835419,1.1389010723827968,2027-02-01
2027-02-25,70.942,5.6916727572401955,163,56,77.18148148148148,5.7469080005644395,0.9903887023563247,2027-02-01
2027-02-26,71.774,5.750485693772807,164,57,78.04074074074074,5.036502087396894,1.1417618009456507,2027-02-01
2027-02-27,71.52,6.362742317265282,165,58,76.47407407407407,6.608246165127126,0.9628488646265313,2027-02-01
2027-02-28,70.972,6.472360071717208,166,59,76.12222222222222,6.989626012518252,0.9259951906046715,2027-02-01
2027-03-01,71.116,6.394811672483453,167,60,77.2925925925926,5.294403861693238,1.2078435721067728,2027-03-01
2027-03-02,71.972,6.525055007978312,168,61,77.95555555555556,5.78162429488284,1.1285850956717238,2027-03-01
2027-03-03,71.674,6.386331385970241,169,62,77.61851851851851,7.087097541797458,0.90112085353781,2027-03-01
2027-03-04,71.088,5.417870656353803,170,63,78.1,6.2982292993898135,0.8602212461332106,2027-03-01
2027-03-05,71.178,5.306456983174905,171,64,77.94444444444444,6.0921344834222575,0.8710341174533629,2027-03-01
2027-03-06,71.024,5.418733943553643,172,65,77.33703703703704,6.259340598604993,0.8657036405338456,2027-03-01
2027-03-07,72.43,5.390931538903352,173,66,76.85185185185185,5.3658729571797155,1.0046699916162025,2027-03-01
2027-03-08,72.074,5.519420629163232,174,67,78.06666666666666,5.018427580887802,1.0998306820613322,2027-03-01
2027-03-09,71.984,5.129958427647124,175,68,78.77777777777779,5.354102189574855,0.9581360695049549,2027-03-01
2027-03-10,72.532,5.189213302021566,176,69,78.92962962962963,4.116553339386166,1.2605723463783292,2027-03-01
2027-03-11,73.356,6.006226700989022,177,70,79.4074074074074,4.917466978179057,1.2214066159755148,2027-03-01
2027-03-12,73.31400000000001,6.499764830910642,178,71,79.4037037037037,3.6329137999769103,1.7891326876382128,2027-03-01
2027-03-13,73.656,5.230528907582983,179,72,79.12962962962963,4.690154566488171,1.1152146125323597,2027-03-01
