scope,doy,logidx,index
Collier,1,0.02862425225073195,1.0290378631619759
Collier,2,0.029470211469387293,1.0299087555464461
Collier,3,0.03037425845857224,1.030840262455598
Collier,4,0.03133667216105751,1.0318328348052603
Collier,5,0.032357441298842646,1.032886635670581
Collier,6,0.03343627010862097,1.0340015448202986
Collier,7,0.03457258520152798,1.0351771641922871
Collier,8,0.03576554349278779,1.036412824272158
Collier,9,0.03701404114257231,1.037707591336102
Collier,10,0.03831672344542631,1.0390602755184557
Collier,11,0.03967199560200544,1.0404694396636465
Collier,12,0.04107803430363893,1.0419334089212156
Collier,13,0.042532800057374136,1.0434502810414747
Collier,14,0.04403405017670062,1.0450179373280675
Collier,15,0.045579352361093166,1.0466340542022161
Collier,16,0.04716609878586407,1.0482961153318195
Collier,17,0.048791520622579035,1.0500014242767703
Collier,18,0.050452702909471896,1.051747117599964
Collier,19,0.05214659969088986,1.0535301783914575
Collier,20,0.05387004934481366,1.0553474501511804
Collier,21,0.05561979001792025,1.057195650973508
Collier,22,0.05739247508848492,1.0590713879749492
Collier,23,0.05918468857864795,1.0609711719042034
Collier,24,0.060992960439186596,1.0628914318719864
Collier,25,0.06281378163192718,1.0648285301363212
Collier,26,0.06464361893728929,1.066778776877531
Collier,27,0.06647892941716024,1.068738444895991
Collier,28,0.06831617446633736,1.0707037841648337
Collier,29,0.07015183338912673,1.0726710361693363
Collier,30,0.07198241644133545,1.074636447964658
Collier,31,0.07380447728181266,1.0765962858840008
Collier,32,0.07561462478186613,1.0785468488301742
Collier,33,0.07740953414527782,1.0804844810849503
Collier,34,0.07918595729624246,1.0824055845725642
Collier,35,0.08094073249733005,1.084306630516216
Collier,36,0.08267079316450039,1.0861841704294946
Collier,37,0.08437317585125043,1.0880348463882565
Collier,38,0.08604502737912233,1.0898554005326317
Collier,39,0.0876836110970175,1.091642683753499
Collier,40,0.08928631225701912,1.0933936635229071
Collier,41,0.09085064249969613,1.0951054308335173
Collier,42,0.09237424344711594,1.0967752062181264
Collier,43,0.09385488940700532,1.0984003448266766
Collier,44,0.09529048919663986,1.0999783405447912
Collier,45,0.09667908710008534,1.1015068291447365
Collier,46,0.09801886297733488,1.1029835904667493
Collier,47,0.09930813154865431,1.1044065496357816
Collier,48,0.1005453408820455,1.105773777325879
Collier,49,0.10172907011613316,1.1070834890915076
Collier,50,0.10285802645495855,1.1083340437921307
Collier,51,0.10393104147509857,1.1095239411431503
Collier,52,0.10494706678919953,1.1106518184328653
Collier,53,0.10590516911340894,1.1117164464513423
Collier,54,0.1068045247892801,1.112716724682948
Collier,55,0.10764441381350623,1.1136516758197204
Collier,56,0.10842421343129312,1.114520439657703
Collier,57,0.10914339135129182,1.115322266442792
Collier,58,0.10980149864177968,1.1160565097365134
Collier,59,0.11039816236917993,1.1167226188754211
Collier,60,0.11093307804105437,1.1173201311004735
Collier,61,0.1114060019163743,1.1178486634347757
Collier,62,0.1118167432461751,1.1183079043894746
Collier,63,0.11216515650762773,1.1186976055783402
Collier,64,0.11245113369411688,1.1190175733216723
Collier,65,0.11267459672310456,1.1192676603196556
Collier,66,0.11283549002238193,1.119447757474123
Collier,67,0.11293377335378471,1.1195577859359525
Collier,68,0.1129694149315684,1.1195976894529711
Collier,69,0.11294238489042872,1.1195674270903635
Collier,70,0.11285264915561509,1.1194669663921448
Collier,71,0.11270016376474079,1.11929627704835
Collier,72,0.11248486968775455,1.1190553251282003
Collier,73,0.11220668818812334,1.1187440679346894
Collier,74,0.11186551676460568,1.1183624495308289
Collier,75,0.11146122570908618,1.117910396982213
Collier,76,0.11099365531181829,1.1173878173546887
Collier,77,0.11046261374110744,1.1167945954997414
Collier,78,0.10986787561998082,1.1161305926538043
Collier,79,0.10920918131776168,1.115395645871093
Collier,80,0.10848623696971829,1.114589568302797
Collier,81,0.10769871523311615,1.1137121503285794
Collier,82,0.10684625678309609,1.1127631615393658
Collier,83,0.10592847254685381,1.1117423535634228
Collier,84,0.10494494666963868,1.1106494637207158
Collier,85,0.10389524020114592,1.1094842194836236
Collier,86,0.10277889548597625,1.108246343715231
Collier,87,0.10159544123700621,1.1069355606497362
Collier,88,0.10034439826577775,1.1055516025729986
Collier,89,0.09902528583940437,1.1040942171549828
Collier,90,0.09763762862902889,1.1025631753798733
Collier,91,0.09618096421057819,1.1009582800139726
Collier,92,0.09465485107447057,1.0992793745462317
Collier,93,0.09305887709706083,1.0975263525314096
Collier,94,0.09139266842298377,1.0956991672614937
Collier,95,0.08965589870419395,1.0937978416871572
Collier,96,0.08784829863842429,1.0918224785077528
Collier,97,0.08596966574701066,1.0897732703456533
Collier,98,0.08401987432957504,1.0876505099187193
Collier,99,0.0819988855309394,1.0854546001233065
Collier,100,0.07990675745386958,1.0831860639395743
Collier,101,0.07774365524983647,1.0808455540709223
Collier,102,0.07550986111893764,1.078433862230199
Collier,103,0.07320578414945837,1.0759519279868943
Collier,104,0.07083196992726794,1.0734008470918448
Collier,105,0.06838910984535496,1.0707818791990582
Collier,106,0.06587805004430074,1.0680964549080578
Collier,107,0.06329979991537706,1.065346182054665
Collier,108,0.06065554009922976,1.062532851183318
Collier,109,0.057946629914769565,1.0596584401398477
Collier,110,0.05517461415492977,1.0567251177300285
Collier,111,0.05234122918836053,1.053735246396142
Collier,112,0.04944840830889987,1.050691383871168
Collier,113,0.04649828627778183,1.0475962837779682
Collier,114,0.04349320300699822,1.0444528951488807
Collier,115,0.04043570633600883,1.0412643608494045
Collier,116,0.037328553858073446,1.038034014898039
Collier,117,0.03417471375684631,1.0347653786827486
Collier,118,0.03097736461850498,1.0314621560828798
Collier,119,0.02773989418955676,1.0281282275135282
Collier,120,0.02446589705556248,1.024767642917296
Collier,121,0.021159171221306356,1.0213846137359734
Collier,122,0.01782371357839968,1.0179835039018261
Collier,123,0.014463714251911949,1.014568819894855
Collier,124,0.011083549823344188,1.01114519991846
Collier,125,0.007687775433066769,1.0077174022513997
Collier,126,0.004281115771216287,1.0042902928386956
Collier,127,8.684549719441082e-4,1.0008688321881538
Collier,128,-0.002545174568187315,0.9974580616424481
Collier,129,-0.005954604420992403,0.9940630890991885
Collier,130,-0.009354543374150615,0.9906890742530988
Collier,131,-0.01273959165718517,0.9873412134353363
Collier,132,-0.016104256102109978,0.984024724125135
Collier,133,-0.019442966189462455,0.9807448292083606
Collier,134,-0.022750090925148313,0.9775067410562687
Collier,135,-0.02601995648843869,0.9743156454958168
Collier,136,-0.029246864586605158,0.9711766857403387
Collier,137,-0.032425111447075036,0.9680949463463184
Collier,138,-0.03554900737367174,0.9650754372584847
Collier,139,-0.03861289678948729,0.9621230780015299
Collier,140,-0.04161117868524696,0.9592426820725715
Collier,141,-0.04453832738868514,0.9564389415840451
Collier,142,-0.0473889135674783,0.9537164122021896
Collier,143,-0.05015762537569352,0.951079498421694
Collier,144,-0.052839289651524964,0.9485324392125394
Collier,145,-0.055428893072318644,0.9460792940706548
Collier,146,-0.0579216031715452,0.9437239294997908
Collier,147,-0.060312789121473837,0.9414700059480753
Collier,148,-0.06259804218484487,0.9393209652191242
Collier,149,-0.06477319573883149,0.9372800183743781
Collier,150,-0.06683434477503424,0.9353501341406009
Collier,151,-0.06877786478016311,0.9335340278342278
Collier,152,-0.07060042990343048,0.931834150812547
Collier,153,-0.07229903031850542,0.9302526804605378
Collier,154,-0.07387098869015535,0.9287915107216255
Collier,155,-0.07531397565842603,0.9274522431806046
Collier,156,-0.0766260242563654,0.9262361787075788
Collier,157,-0.07780554318088347,0.9251443096729046
Collier,158,-0.0788513288403321,0.9241773127448194
Collier,159,-0.07976257610678114,0.9233355422836308
Collier,160,-0.08053888770573805,0.9226190243490033
Collier,161,-0.0811802821811871,0.922027451339952
Collier,162,-0.08168720037929675,0.9215601772905768
Collier,163,-0.0820605103999292,0.9212162138482729
Collier,164,-0.08230151097116743,0.9209942269650588
Collier,165,-0.08241193320841973,0.9208925343366879
Collier,166,-0.08239394072625075,0.9209091036282525
Collier,167,-0.08225012807788395,0.9210415515289637
Collier,168,-0.0819835175043028,0.9212871436825867
Collier,169,-0.08159755398200563,0.9216427955435169
Collier,170,-0.08109609856572439,0.9221050742116028
Collier,171,-0.08048342002975183,0.9226702013014249
Collier,172,-0.07976418481891866,0.9233340569037317
Collier,173,-0.07894344532767292,0.9240921846979977
Collier,174,-0.07802662653312184,0.9249397982754836
Collier,175,-0.07701951101524619,0.925871788731678
Collier,176,-0.07592822240478166,0.9268827335854448
Collier,177,-0.0747592073064208,0.9279669070795392
Collier,178,-0.07351921575200898,0.9291182919132976
Collier,179,-0.07221528024524895,0.9303305924531954
Collier,180,-0.07085469346605242,0.9315972494605557
Collier,181,-0.06944498470906722,0.9329114563679552
Collier,182,-0.06799389513702127,0.9342661771268008
Collier,183,-0.0665093519353326,0.9356541656381644
Collier,184,-0.06499944145992266,0.9370679867672831
Collier,185,-0.06347238147528993,0.9385000389292469
Collier,186,-0.06193649258464741,0.9399425782193672
Collier,187,-0.06040016895826463,0.9413877440466802
Collier,188,-0.05887184847006669,0.9428275862131257
Collier,189,-0.05735998235600542,0.9442540933643165
Collier,190,-0.05587300451071738,0.945659222720676
Collier,191,-0.05441930054149957,0.9470349309802827
Collier,192,-0.05300717670065556,0.948373206267264
Collier,193,-0.05164482881877848,0.9496661009822726
Collier,194,-0.050340311362534904,0.9509057653947381
Collier,195,-0.04910150674098601,0.9520844818004903
Collier,196,-0.0479360949844263,0.9531946990532814
Collier,197,-0.046851523919131735,0.9542290672649899
Collier,198,-0.04585497996028788,0.9551804724571377
Collier,199,-0.04495335964371899,0.9560420709360741
Collier,200,-0.04415324201486161,0.9568073231560298
Collier,201,-0.04346086199073084,0.957470026828443
Collier,202,-0.04288208480742408,0.9580243490327193
Collier,203,-0.042422381662002046,0.958464857083071
Collier,204,-0.04208680665340173,0.9587865479084118
Collier,205,-0.041879975122379155,0.9589848757075536
Collier,206,-0.041806043485374395,0.9590557776501936
Collier,207,-0.04186869065165691,0.9589956974053652
Collier,208,-0.04207110110716399,0.9588016062931218
Collier,209,-0.04241594974212049,0.9584710218720668
Collier,210,-0.04290538849284124,0.9580020237947986
Collier,211,-0.04354103486110477,0.9573932667851727
Collier,212,-0.0443239623671691,0.9566439906152213
Collier,213,-0.045254692984915613,0.955754026985317
Collier,214,-0.04633319159978055,0.9547238032383634
Collier,215,-0.04755886252210381,0.9535543428670739
Collier,216,-0.04893054808032145,0.9522472628023531
Collier,217,-0.05044652931008933,0.9508047675000098
Collier,218,-0.05210452874698441,0.9492296398720882
Collier,219,-0.053901715321924754,0.9475252291375732
Collier,220,-0.055834711349913864,0.9456954356947072
Collier,221,-0.05789960159419074,0.9437446931432425
Collier,222,-0.060091944379381486,0.9416779476092927
Collier,223,-0.06240678471885362,0.9395006345476871
Collier,224,-0.06483866941318711,0.9372186532165981
Collier,225,-0.06738166406855091,0.9348383390364358
Collier,226,-0.07002937197583455,0.9323664340593919
Collier,227,-0.07277495478366816,0.9298100557874335
Collier,228,-0.07561115489100774,0.9271766645848659
Collier,229,-0.07853031947779565,0.9244740299368046
Collier,230,-0.08152442608536074,0.9217101958070026
Collier,231,-0.08458510965172784,0.9188934453475562
Collier,232,-0.0877036909008955,0.9160322652091559
Collier,233,-0.09087120597943174,0.9131353096939507
Collier,234,-0.0940784372284679,0.9102113649839128
Collier,235,-0.09731594497435032,0.9072693136661003
Collier,236,-0.10057410021687192,0.9043180997626615
Collier,237,-0.10384311809016071,0.9013666944580883
Collier,238,-0.10711309196797461,0.8984240626994335
Collier,239,-0.1103740280823506,0.8954991308272442
Collier,240,-0.11361588052229722,0.8926007553761643
Collier,241,-0.11682858647751475,0.88973769316483
Collier,242,-0.12000210159097645,0.8869185727751295
Collier,243,-0.12312643528362595,0.8841518675014138
Collier,244,-0.12619168591443214,0.8814458698311016
Collier,245,-0.12918807563959367,0.8788086674995821
Collier,246,-0.13210598483581543,0.8762481211445928
Collier,247,-0.13493598595425563,0.8737718435685667
Collier,248,-0.13766887667398772,0.8713871806019531
Collier,249,-0.1402957122266063,0.8691011935463798
Collier,250,-0.1428078367669238,0.8669206431638623
Collier,251,-0.14519691366855178,0.8648519751671416
Collier,252,-0.14745495462749983,0.86290130715675
Collier,253,-0.14957434746175904,0.8610744169425429
Collier,254,-0.15154788250013235,0.8593767321812578
Collier,255,-0.15336877745930977,0.8578133212571081
Collier,256,-0.15503070071434408,0.8563888853294856
Collier,257,-0.15652779287422652,0.8551077514704587
Collier,258,-0.15785468658117346,0.8539738668148421
Collier,259,-0.15900652445947552,0.8529907936471101
Collier,260,-0.15997897514730613,0.8521617053521924
Collier,261,-0.16076824735269993,0.8514893831611681
Collier,262,-0.16137110188296255,0.8509762136278898
Collier,263,-0.161784861605024,0.850624186778546
Collier,264,-0.16200741930266435,0.8504348948829449
Collier,265,-0.1620372434050895,0.8504095318037515
Collier,266,-0.16187338156997247,0.8505488928879035
Collier,267,-0.16151546211277334,0.8508533753728196
Collier,268,-0.16096369328286397,0.8513229792886609
Collier,269,-0.16021886039568006,0.8519573088466826
Collier,270,-0.159282320838763,0.852755574312468
Collier,271,-0.15815599697809984,0.8537165943714449
Collier,272,-0.1568423669995892,0.8548387990024106
Collier,273,-0.15534445372871056,0.856120232882705
Collier,274,-0.15366581147952993,0.8575585593560456
Collier,275,-0.15181051099199006,0.8591510650007601
Collier,276,-0.14978312252398618,0.8608946648420944
Collier,277,-0.14758869717197806,0.8627859082573405
Collier,278,-0.14523274650081217,0.8648209856266103
Collier,279,-0.14272122056999015,0.866995735785088
Collier,280,-0.1400604844497998,0.8693056543344432
Collier,281,-0.1372572933264862,0.8717459028717074
Collier,282,-0.134318766300978,0.8743113191932503
Collier,283,-0.13125235899055235,0.8769964285294874
Collier,284,-0.1280658350472244,0.8797954558625892
Collier,285,-0.12476723671054828,0.882702339374716
Collier,286,-0.12136485451591195,0.8857107450681918
Collier,287,-0.11786719628228275,0.8888140825915616
Collier,288,-0.1142829555056945,0.8920055222967124
Collier,289,-0.1106209792865723,0.8952780135422206
Collier,290,-0.10689023592023432,0.8986243042469327
Collier,291,-0.1030997822806144,0.9020369616855646
Collier,292,-0.09925873112739807,0.9055083945049766
Collier,293,-0.09537621846635788,0.9090308759258832
Collier,294,-0.09146137109172814,0.9125965680802527
Collier,295,-0.08752327443797335,0.916197547419735
Collier,296,-0.08357094086627269,0.9198258311153417
Collier,297,-0.07961327850851643,0.923473404353468
Collier,298,-0.07565906078854649,0.9271322484184786
Collier,299,-0.0717168967368416,0.9307943694376416
Collier,300,-0.06779520221082655,0.9344518276504911
Collier,301,-0.06390217212851271,0.9380967670519155
Collier,302,-0.06004575381827762,0.9417214452466542
Collier,303,-0.05623362158226849,0.9453182633426744
Collier,304,-0.052473152565219186,0.9488797957022652
Collier,305,-0.04877140401441049,0.9523988193628518
Collier,306,-0.045135092010112794,0.9558683429346294
Collier,307,-0.04157057173916134,0.9592816347793153
Collier,308,-0.03808381937735542,0.9626322502736879
Collier,309,-0.03468041563917489,0.9659140579632346
Collier,310,-0.0313655310459035,0.9691212644151743
Collier,311,-0.028143912955676784,0.9722484375863698
Collier,312,-0.025019874391259266,0.9752905285301602
Collier,313,-0.021997284693540654,0.9782428912768453
Collier,314,-0.019079562020861272,0.9811013007353254
Collier,315,-0.01626966770636175,0.9838619684781015
Collier,316,-0.013570102477638648,0.9865215562882765
Collier,317,-0.010982904535116435,0.9890771873651619
Collier,318,-0.008509649477741658,0.991526455104346
Collier,319,-0.006151452056912496,0.9938674293883515
Collier,320,-0.003908969731997622,0.9960986603450341
Collier,321,-0.0017824079934175504,0.9982191795523517
Collier,322,2.284725879168359e-4,1.0002284986897663
Collier,323,0.002124347632961231,1.0021266056580544
Collier,324,0.00390631860351805,1.0039139582103747
Collier,325,0.005575900889058272,1.0055914751578248
Collier,326,0.007135010398669464,1.0071605252321332
Collier,327,0.008585948731137352,1.0086229137063336
Collier,328,0.009931387001526472,1.00998086689107
Collier,329,0.011174348407590443,1.0112370146393401
Collier,330,0.012318189623899412,1.0123943710059111
Collier,331,0.01336658111570778,1.0134563132191516
Collier,332,0.01432348646826675,1.0144265591325745
Collier,333,0.015193140830528964,1.0153091433308932
Collier,334,0.0159800285749497,1.016108392070857
Collier,335,0.016688860277384022,1.0168288972405515
Collier,336,0.017324549122884586,1.0174754895222866
Collier,337,0.017892186844520607,1.0180532109437028
Collier,338,0.018397019303170982,1.018567286999442
Collier,339,0.018844421816575453,1.0190230985217241
Collier,340,0.019239874345782865,1.0194261534726528
Collier,341,0.01958893664649475,1.0197820588241464
Collier,342,0.019897223491693556,1.0200964926832725
Collier,343,0.020170380070359876,1.020375176811592
Collier,344,0.020414057665044495,1.0206238496771258
Collier,345,0.02063388970857937,1.020848240166887
Collier,346,0.020835468317289045,1.021054042076778
Collier,347,0.021024321394746148,1.0212468894842144
Collier,348,0.021205890396381884,1.021432333097258
Collier,349,0.021385508841174634,1.0216158176625028
Collier,350,0.021568381652183777,1.021802660502567
Collier,351,0.021759565402922638,1.0219980312429773
Collier,352,0.021963949541479767,1.022206932777553
Collier,353,0.02218623865894289,1.0224341835112514
Collier,354,0.02243093586306578,1.0226844009098568
Collier,355,0.022702327312291513,1.0229619863769774
Collier,356,0.023004467959221238,1.0232711114706021
Collier,357,0.023341168546426615,1.0236157054639492
Collier,358,0.02371598389119451,1.0239994442486025
Collier,359,0.02413220248936111,1.0244257405718857
Collier,360,0.02459283746191592,1.0248977355951399
Collier,361,0.025100618861514844,1.0254182917549488
Collier,362,0.025657987349515902,1.0259899869054234
Collier,363,0.02626708924763053,1.0266151097163125
Collier,364,0.026929772961834277,1.0272956562989404
Collier,365,0.02764758676980414,1.028033328029702
Lee,1,-0.027187961352908522,0.9731783044216024
Lee,2,-0.027590119006469092,0.9727870120040941
Lee,3,-0.027851603831954216,0.9725326762159497
Lee,4,-0.027971983436041334,0.972415610163749
Lee,5,-0.02795132824053336,0.9724356958057276
Lee,6,-0.027790206289924613,0.9725923891649083
Lee,7,-0.027489676130773695,0.972884726436296
Lee,8,-0.027051277809254117,0.9733113309719214
Lee,9,-0.02647702204115689,0.973870421132897
Lee,10,-0.02576937761623212,0.9745598190025218
Lee,11,-0.02493125710604972,0.9753769599586919
Lee,12,-0.02396600095149692,0.9763189031073762
Lee,13,-0.022877360012584835,0.9773823425815795
Lee,14,-0.02166947666937861,0.9785636197119906
Lee,15,-0.020346864568568938,0.9798587360763256
Lee,16,-0.01891438711544386,0.9812633674341866
Lee,17,-0.017377234815776244,0.9827728785530341
Lee,18,-0.0157409015763941,0.9843823389286063
Lee,19,-0.014011160076932068,0.9860865393998131
Lee,20,-0.012194036328456849,0.9878800096538095
Lee,21,-0.010295783537306345,0.9897570366116534
Lee,22,-0.008322855394570377,0.9917116836787296
Lee,23,-0.006281878913166032,0.9937378108370574
Lee,24,-0.004179626935414808,0.9958290955487701
Lee,25,-0.0020229904344148428,0.9979790544315869
Lee,26,1.810492676840392e-4,1.0001810656580918
Lee,27,0.0024254482421443312,1.0024283920212456
Lee,28,0.0047031275357944605,1.0047142045989088
Lee,29,0.007007000473683348,1.0070316069404357
Lee,30,0.009329999565443638,1.0093736596887295
Lee,31,0.011665102901495075,1.0117334055417475
Lee,32,0.01400535992864979,1.014103894448443
Lee,33,0.016343916498601004,1.0164782089257152
Lee,34,0.018674039087165657,1.0188494893752866
Lee,35,0.02098913808698449,1.0212109592726766
Lee,36,0.02328279008163705,1.02355595009476
Lee,37,0.025548759014775508,1.0258779258479263
Lee,38,0.027781016173891716,1.0281705070556977
Lee,39,0.029973758914677098,1.0304274940629496
Lee,40,0.03212142805858104,1.032642889513665
Lee,41,0.0342187239030885,1.0348109198605204
Lee,42,0.03626062079138793,1.0369260557675815
Lee,43,0.03824238019544835,1.0389830312719803
Lee,44,0.040159562274037365,1.040976861576649
Lee,45,0.04200803587484889,1.0429028593539478
Lee,46,0.043783986957637314,1.044756649449286
Lee,47,0.04548392542303286,1.0465341818844844
Lee,48,0.047104690339506455,1.0482317430725747
Lee,49,0.04864345356872053,1.0498459651688006
Lee,50,0.05009772179721167,1.051373833496665
Lee,51,0.05146533698996183,1.0528126920027248
Lee,52,0.05274447528889115,1.0541602467093434
Lee,53,0.053933644386615576,1.0554145671505197
Lee,54,0.055031679412914425,1.0565740857920574
Lee,55,0.05603773737822343,1.0576375954534878
Lee,56,0.05695129022506554,1.058604244765128
Lee,57,0.057772116544631755,1.0594735317092299
Lee,58,0.05850029202169507,1.0602452953091803
Lee,59,0.05913617867665406,1.0609197055449602
Lee,60,0.05968041297873602,1.0614972515864005
Lee,61,0.060133892909217695,1.0619787284480522
Lee,62,0.06049776405792127,1.0623652221805662
Lee,63,0.06077340484019892,1.0626580937232888
Lee,64,0.06096241092511084,1.0628589615512063
Lee,65,0.06106657896851418,1.0629696832563764
Lee,66,0.06108788974730367,1.0629923362095313
Lee,67,0.061028490793067214,1.0629291974516057
Lee,68,0.06089067862493282,1.0627827229675466
Lee,69,0.060676880682385845,1.062555526495936
Lee,70,0.06038963705931929,1.0622503580277425
Lee,71,0.06003158214055135,1.0618700821459754
Lee,72,0.059605426241500344,1.06141765635525
Lee,73,0.059113937350656724,1.0608961095463363
Lee,74,0.05855992307294093,1.0603085207357987
Lee,75,0.057946212869994046,1.0596579982149237
Lee,76,0.05727564069092907,1.0589476592353937
Lee,77,0.056551028084088246,1.058180610351735
Lee,78,0.05577516787692354,1.0573599285325213
Lee,79,0.05495080850726069,1.0564886431438079
Lee,80,0.05408063908494653,1.055569718899395
Lee,81,0.05316727525823411,1.0546060398633599
Lee,82,0.05221324595425836,1.0536003945809906
Lee,83,0.05122098105761997,1.052555462404858
Lee,84,0.0501928000854603,1.0514738010733609
Lee,85,0.04913090191149814,1.0503578355897527
Lee,86,0.04803735558534799,1.0492098484404664
Lee,87,0.04691409228707513,1.0480319711825197
Lee,88,0.0457628984504034,1.0468261774209973
Lee,89,0.04458541008130717,1.0455942771890496
Lee,90,0.04338310829192499,1.044337912734576
Lee,91,0.04215731606286691,1.0430585557097782
Lee,92,0.04090919624007931,1.0417575057520883
Lee,93,0.039639750765522154,1.0404358904375963
Lee,94,0.03834982113403545,1.0390946665810301
Lee,95,0.037040090061959664,1.0377346228495656
Lee,96,0.03571108434636554,1.0363563836512748
Lee,97,0.03436317888717346,1.0349604142528248
Lee,98,0.03299660183803779,1.0335470270751446
Lee,99,0.03161144084566679,1.0321163891101541
Lee,100,0.030207650331277074,1.0306685303963055
Lee,101,0.02878505976217392,1.0292033534856175
Lee,102,0.027343382856030874,1.027720643830116
Lee,103,0.025882227655345043,1.0262200810110869
Lee,104,0.02440110740479147,1.0247012507303765
Lee,105,0.022899452159815974,1.023163657479105
Lee,106,0.02137662105081198,1.0216067377956342
Lee,107,0.019831915123644923,1.020029874021485
Lee,108,0.01826459067413365,1.0184324084611296
Lee,109,0.01667387299138942,1.01681365784926
Lee,110,0.01505897042266221,1.0151729280272572
Lee,111,0.013419088670562537,1.0135095287292069
Lee,112,0.011753445232224153,1.0118227883769555
Lee,113,0.010061283889154784,1.0101120687834175
Lee,114,0.008341889156192004,1.0083767796636411
Lee,115,0.006594600598144225,1.006616392854073
Lee,116,0.004818826923345185,1.004830456142031
Lee,117,0.003014059764488367,1.003018606609627
Lee,118,0.0011798870587253663,1.001180583399302
Lee,119,-6.839940588998585e-4,0.9993162398117114
Lee,120,-0.0025777649320570498,0.9974255546509846
Lee,121,-0.0045014737101524566,0.9955086427372959
Lee,122,-0.006455024402713587,0.9935657645122704
Lee,123,-0.008438166734230411,0.9915973346689235
Lee,124,-0.010450486868302343,0.9896039297445893
Lee,125,-0.012491399065321129,0.9875862946225624
Lee,126,-0.01456013833294555,0.9855453478959109
Lee,127,-0.016655754123326597,0.9834821860550389
Lee,128,-0.01877710512544185,0.981398086469021
Lee,129,-0.020922855195029323,0.979294509139403
Lee,130,-0.023091470458498117,0.9771730972139905
Lee,131,-0.025281217620872508,0.9750356762570316
Lee,132,-0.027490163501323456,0.9728842522810476
Lee,133,-0.029716175813198027,0.9707210085542887
Lee,134,-0.03195692519869678,0.9685483012062966
Lee,135,-0.034209888521514846,0.9663686536622502
Lee,136,-0.03647235341388537,0.9641847499445677
Lee,137,-0.03874142406757722,0.9619994268875677
Lee,138,-0.04101402825154311,0.9598156653177684
Lee,139,-0.04328692553211834,0.9576365802585741
Lee,140,-0.04555671666497378,0.9554654102235987
Lee,141,-0.047819854121462724,0.9533055056676751
Lee,142,-0.050072653705601274,0.9511603166686475
Lee,143,-0.05231130721172334,0.9490333799163362
Lee,144,-0.05453189606688152,0.9469283050875857
Lee,145,-0.056730405896359117,0.9448487606880553
Lee,146,-0.05890274194524442,0.94279845944241
Lee,147,-0.06104474528392325,0.9407811433148404
Lee,148,-0.0631522097205998,0.938800568241419
Lee,149,-0.06522089933958118,0.9368604886547318
Lee,150,-0.06724656658008078,0.9349646418795715
Lee,151,-0.06922497076673732,0.9331167324762903
Lee,152,-0.07115189699991895,0.9313204166057648
Lee,153,-0.07302317531121369,0.9295792864868925
Lee,154,-0.07483469998730466,0.9278968550141946
Lee,155,-0.07658244896371189,0.9262765405995166
Lee,156,-0.07826250318865387,0.9247216522980811
Lee,157,-0.07987106585655854,0.923235375275333
Lee,158,-0.08140448141053463,0.9218207566671833
Lee,159,-0.08285925421340246,0.920480691882505
Lee,160,-0.08423206678768777,0.9192179113930903
Lee,161,-0.08551979752628817,0.918034968052836
Lee,162,-0.08671953777733674,0.9169342249847073
Lee,163,-0.08782860820909674,0.9159178440710996
Lee,164,-0.08884457436352056,0.9149877750805987
Lee,165,-0.08976526131037782,0.9141457454618673
Lee,166,-0.09058876731759523,0.9133932508334568
Lee,167,-0.09131347645763059,0.9127315461967911
Lee,168,-0.09193807007431276,0.9121616378983624
Lee,169,-0.09246153703958966,0.9116842763663264
Lee,170,-0.09288318273502666,0.9112999496461466
Lee,171,-0.09320263669864878,0.9110088777596927
Lee,172,-0.09341985888380824,0.9108110079122045
Lee,173,-0.09353514448314504,0.9107060105717317
Lee,174,-0.093549127277374,0.9106932764460123
Lee,175,-0.0934627814755287,0.9107719143821812
Lee,176,-0.09327742202041157,0.9109407502151426
Lee,177,-0.09299470334028156,0.9111983265908309
Lee,178,-0.09261661653523992,0.9115429037908325
Lee,179,-0.09214548499430839,0.9119724615848878
Lee,180,-0.091583958446791,0.9124847021375474
Lee,181,-0.09093500545914701,0.9130770539946441
Lee,182,-0.09020190439622729,0.9137466771741974
Lee,183,-0.08938823287331159,0.9144904693848069
Lee,184,-0.08849785573289189,0.9153050733924561
Lee,185,-0.08753491158753413,0.9161868855538855
Lee,186,-0.08650379797739033,0.9171320655312422
Lee,187,-0.08540915519798145,0.9181365471985413
Lee,188,-0.08425584886069826,0.9191960507455558
Lee,189,-0.08304895125503747,0.9203060959790595
Lee,190,-0.08179372158786961,0.9214620168148984
Lee,191,-0.08049558518099387,0.9226589769471526
Lee,192,-0.07916011171384212,0.9238919866727265
Lee,193,-0.07779299260342046,0.9251559208410909
Lee,194,-0.07640001761839693,0.9264455378896846
Lee,195,-0.07498705082863029,0.9277554999157274
Lee,196,-0.073560005995368,0.9290803937250045
Lee,197,-0.07212482151079755,0.9304147527876714
Lee,198,-0.07068743499859553,0.9317530800204146
Lee,199,-0.06925375768956968,0.933089871303546
Lee,200,-0.06782964868841246,0.9344196396309399
Lee,201,-0.06642088924897269,0.9357369397803181
Lee,202,-0.06503315717629177,0.9370363933814224
Lee,203,-0.06367200147393941,0.9383127142502415
Lee,204,-0.06234281735491478,0.9395607338488744
Lee,205,-0.06105082173355142,0.9407754267229803
Lee,206,-0.05980102931448132,0.9419519357622448
Lee,207,-0.05859822939277526,0.9430855971240542
Lee,208,-0.05744696347689446,0.9441719646567469
Lee,209,-0.05635150384306693,0.9452068336565382
Lee,210,-0.05531583312615652,0.9461862637915891
Lee,211,-0.05434362504803544,0.9471066010278113
Lee,212,-0.05343822637991932,0.9479644983939073
Lee,213,-0.052602640230096365,0.9487569354278873
Lee,214,-0.05183951074300244,0.9494812361538673
Lee,215,-0.05115110928968089,0.9501350854463173
Lee,216,-0.050539322223352445,0.9507165436490264
Lee,217,-0.05000564026712584,0.9512240593277924
Lee,218,-0.0495511495938422,0.9516564800491087
Lee,219,-0.049176524650687704,0.9520130610917559
Lee,220,-0.04888202277357446,0.9522934720140285
Lee,221,-0.04866748062839874,0.9524978010161587
Lee,222,-0.048532312508186355,0.9526265570550884
Lee,223,-0.04847551050686136,0.9526806696868827
Lee,224,-0.0484956465819546,0.9526614866305144
Lee,225,-0.048590876510057245,0.9525707690652186
Lee,226,-0.04875894573024674,0.9524106846918913
Lee,227,-0.048997197062115416,0.9521837986068067
Lee,228,-0.04930258027645105,0.9518930620530409
Lee,229,-0.04967166348809968,0.9515417991311635
Lee,230,-0.05010064633211338,0.9511336915658049
Lee,231,-0.05058537487600092,0.9506727616384212
Lee,232,-0.05112135821278466,0.9501633534088053
Lee,233,-0.05170378667167004,0.9496101123584956
Lee,234,-0.05232755157548571,0.9490179635981046
Lee,235,-0.052987266466690455,0.9483920887876641
Lee,236,-0.053677289716704366,0.9477379019243007
Lee,237,-0.054391748426637444,0.9470610241549389
Lee,238,-0.055124563521191945,0.9463672577732594
Lee,239,-0.055869475931634535,0.945662559559916
Lee,240,-0.056620073758303184,0.9449530136230805
Lee,241,-0.05736982029815026,0.9442448038928707
Lee,242,-0.05811208281836093,0.9435441864182509
Lee,243,-0.05884016195313984,0.9428574616087164
Lee,244,-0.05954732159735428,0.9421909465556698
Lee,245,-0.060226819167869435,0.94155094756003
Lee,246,-0.060871936101134415,0.9409437329834891
Lee,247,-0.06147600845388133,0.9403755065311272
Lee,248,-0.062032457472695576,0.9398523810630259
Lee,249,-0.06253481999771494,0.939380353022256
Lee,250,-0.06297677856581345,0.9389652775563699
Lee,251,-0.06335219107933517,0.9386128443994607
Lee,252,-0.06365511990775191,0.938328554572136
Lee,253,-0.0638798602915312,0.9381176979475573
Lee,254,-0.06402096792000415,0.937985331723133
Lee,255,-0.064073285558111,0.9379362598296724
Lee,256,-0.064031968600560707,0.937975013302887
Lee,257,-0.06389250943615761,0.9381058316361689
Lee,258,-0.06365076050980084,0.9383326451286305
Lee,259,-0.06330295597493682,0.9386590582385066
Lee,260,-0.06284573183501439,0.9390883339492204
Lee,261,-0.0622761444787326,0.939623379153696
Lee,262,-0.06159168752055938,0.9402667310618485
Lee,263,-0.060790306865098585,0.9410205446365608
Lee,264,-0.059870413921371775,0.9418865810648035
Lee,265,-0.05883089690091836,0.9428661972728037
Lee,266,-0.057671130141773996,0.9439603364972327
Lee,267,-0.05639098140882557,0.9451695199281395
Lee,268,-0.054990817129721654,0.9464938394437242
Lee,269,-0.053471505534405495,0.9479329514618484
Lee,270,-0.05183441767539246,0.9494860719383119
Lee,271,-0.050081426315090556,0.9511519725472276
Lee,272,-0.048214902675731676,0.9529289780841201
Lee,273,-0.046237711056784515,0.9548149651375323
Lee,274,-0.044153201334034234,0.9568073620797442
Lee,275,-0.041965199363781736,0.9589031504315417
Lee,276,-0.039677995324804906,0.9610988676596477
Lee,277,-0.037296330039789743,0.9633906114682619
Lee,278,-0.03482537932684205,0.9657740456480187
Lee,279,-0.03227073644038711,0.9682444075463753
Lee,280,-0.029638392669223246,0.9707965172228692
Lee,281,-0.026934716167665063,0.9734247883506973
Lee,282,-0.024166429103572532,0.97612324092255
Lee,283,-0.02134058321455998,0.9788855158134963
Lee,284,-0.018464533870797037,0.981704891246894
Lee,285,-0.015545912749504624,0.9845743012007256
Lee,286,-0.012592599232493867,0.9874863557814482
Lee,287,-0.009612690643861848,0.9904333635803737
Lee,288,-0.0066144714502128716,0.9934073560138419
Lee,289,-0.0036063815505097446,0.9964001136330515
Lee,290,-5.969837868327471e-4,0.9994031943725336
Lee,291,0.002405069189064624,1.0024079636879917
Lee,292,0.0053910685554909386,1.0054056265148044
Lee,293,0.008352283326513844,1.0083872609581095
Lee,294,0.011279994581478147,1.011343853604295
Lee,295,0.014165529775014129,1.014266336322212
Lee,296,0.01700029698365066,1.0171456244008166
Lee,297,0.019775818945205196,1.0199726558485334
Lee,298,0.022483766747828718,1.0227384316588235
Lee,299,0.025115993026901245,1.0254340568265436
Lee,300,0.027664564529920718,1.0280507818811004
Lee,301,0.030121793912085918,1.0305800446855
Lee,302,0.03248027062842924,1.0330135122355015
Lee,303,0.03473289079210608,1.0353431221805873
Lee,304,0.03687288587276194,1.0375611237786395
Lee,305,0.03889385011376864,1.0396601179893665
Lee,306,0.04078976655252113,1.0416330964078973
Lee,307,0.04255503153389336,1.0434734787397553
Lee,308,0.04418447761333712,1.0451751485217609
Lee,309,0.04567339475294725,1.0467324868004153
Lee,310,0.04701754972107599,1.0481404034899766
Lee,311,0.04821320361372874,1.0493943661467342
Lee,312,0.04925712742397632,1.0504904259138004
Lee,313,0.05014661559394402,1.0514252404118989
Lee,314,0.05087949749254097,1.0521960933759136
Lee,315,0.05145414677094429,1.0528009108640337
Lee,316,0.051869488556906,1.053238273895898
Lee,317,0.05212500445816836,1.0535074274077334
Lee,318,0.05222073535461493,1.0536082854457103
Lee,319,0.052157281968206674,1.0535414325530947
Lee,320,0.051935803209215835,1.0533081213417599
Lee,321,0.051558012306728525,1.0529102662737455
Lee,322,0.05102617074080479,1.052350433713262
Lee,323,0.05034308000301157,1.0516318283433586
Lee,324,0.04951207122124839,1.0507582760738985
Lee,325,0.04853699269381691,1.0497342035980575
Lee,326,0.04742219538651217,1.0485646147828593
Lee,327,0.04617251645509136,1.0472550641049045
Lee,328,0.04479326086376862,1.0458116273651203
Lee,329,0.04329018117835656,1.044240869935779
Lee,330,0.04166945562029196,1.0425498128090167
Lee,331,0.039937664475005345,1.0407458967284653
Lee,332,0.038101764954905026,1.038836944694358
Lee,333,0.03616906462359244,1.0368311231375282
Lee,334,0.034147193493808,1.0347369020591881
Lee,335,0.03204407491697609,1.0325630144313391
Lee,336,0.029867895387061978,1.0303184151473177
Lee,337,0.027627073385756828,1.028012239803527
Lee,338,0.025330227399734347,1.0256537635821188
Lee,339,0.02298614324388284,1.023252360490574
Lee,340,0.020603740826969582,1.0208174631981006
Lee,341,0.018192040498156033,1.0183585236908832
Lee,342,0.015760129114123826,1.0158849749488525
Lee,343,0.01331712596730619,1.013406193826124
Lee,344,0.010872148715827121,1.0109314652960006
Lee,345,0.008434279455253142,1.0084699481997486
Lee,346,0.006012531071143918,1.0060306426166334
Lee,347,0.0036158140096675157,1.0036223589511968
Lee,348,0.0012529036012302558,1.0012536888128445
Lee,349,-0.0010675919308324791,0.9989329777426886
Lee,350,-0.0033372626479257392,0.996668299823535
Lee,351,-0.005547927135675901,0.9944674341911061
Lee,352,-0.007691661685222504,0.9923378434482194
Lee,353,-0.009760828301396773,0.9902866539688259
Lee,354,-0.01174810142840731,0.988320638065667
Lee,355,-0.01364649328967525,0.9864461979838777
Lee,356,-0.01544937774489998,0.9846693516732007
Lee,357,-0.017150512574287045,0.9829957202835682
Lee,358,-0.018744060107084345,0.9814305173226406
Lee,359,-0.020224606119119727,0.9799785394094132
Lee,360,-0.02158717693188969,0.9786441585551264
Lee,361,-0.022827254653856443,0.977431315901372
Lee,362,-0.023940790512955896,0.9763435168453397
Lee,363,-0.02492421623784425,0.9753838274834943
Lee,364,-0.025774453454085963,0.974554872307456
Lee,365,-0.02648892107027232,0.9738588330893447
Pooled,1,0.009851509932380795,1.0099001958014575
Pooled,2,0.01018070271276089,1.0102327023811997
Pooled,3,0.010599572500664034,1.0106559469749774
Pooled,4,0.01110849336023434,1.0111704217706152
Pooled,5,0.011707468524262415,1.0117762691655137
Pooled,6,0.012396135660041682,1.0124732862096675
Pooled,7,0.013173773571246295,1.0132609300322626
Pooled,8,0.014039310286127413,1.0141383242226274
Pooled,9,0.014991332476595974,1.0151042661376042
Pooled,10,0.016028096147341825,1.0161572351084247
Pooled,11,0.017147538529056174,1.0172954015208926
Pooled,12,0.018347291105096107,1.018516636743025
Pooled,13,0.019624693696578942,1.019818523874236
Pooled,14,0.020976809526935206,1.0211983692896505
Pooled,15,0.022400441183401495,1.0226532149521586
Pooled,16,0.023892147389809167,1.024179851463397
Pooled,17,0.025448260502335573,1.0257748318229185
Pooled,18,0.027064904637640344,1.027434485862449
Pooled,19,0.028738014341017838,1.029154935319333
Pooled,20,0.03046335370086268,1.0309321095100512
Pooled,21,0.03223653581487327,1.0327617615611442
Pooled,22,0.03405304251300667,1.0346394851510086
Pooled,23,0.03590824424224861,1.0365607317119325
Pooled,24,0.03779742001876778,1.0385208280374598
Pooled,25,0.03971577735398244,1.0405149942358158
Pooled,26,0.04165847206246658,1.0425383619657476
Pooled,27,0.04362062786145785,1.0445859928868348
Pooled,28,0.04559735567398333,1.0466528972521936
Pooled,29,0.04758377255028131,1.0487340525676143
Pooled,30,0.049575020125250065,1.0508244222376404
Pooled,31,0.05156628253308004,1.0529189741159832
Pooled,32,0.05355280370400568,1.0550126988750812
Pooled,33,0.05552990397222529,1.057100628107595
Pooled,34,0.05749299592845904,1.0591778520713016
Pooled,35,0.05943759945532338,1.0612395369882108
Pooled,36,0.061359355888667914,1.0632809418088938
Pooled,37,0.06325404125322381,1.0652974343539676
Pooled,38,0.06511757852632079,1.0672845067465007
Pooled,39,0.06694604888901752,1.0692377900517673
Pooled,40,0.06873570192972571,1.0711530680443182
Pooled,41,0.07048296477126324,1.0730262900267253
Pooled,42,0.07218445009821679,1.0748535826295749
Pooled,43,0.07383696306749661,1.0766312605282984
Pooled,44,0.07543750709099777,1.0783558360191894
Pooled,45,0.07698328848531072,1.080024027404389
Pooled,46,0.07847171998941964,1.0816327661436793
Pooled,47,0.07990042315725909,1.0831792027394913
Pooled,48,0.08126722963784065,1.0846607113305573
Pooled,49,0.08257018136137728,1.0860748929789767
Pooled,50,0.08380752965540254,1.087419577645064
Pooled,51,0.08497773332027095,1.0886928248540526
Pooled,52,0.08607945569861154,1.0898929230684735
Pooled,53,0.08711156077826415,1.0910183877896702
Pooled,54,0.08807310837292925,1.092067958421376
Pooled,55,0.08896334842919061,1.0930405939374337
Pooled,56,0.08978171451269773,1.0939354674045128
Pooled,57,0.09052781653010819,1.0947519594189534
Pooled,58,0.09120143274686722,1.0954896505245981
Pooled,59,0.09180250116402679,1.0961483126855345
Pooled,60,0.0923311103200682,1.096727899894056
Pooled,61,0.09278748958607441,1.0972285379997544
Pooled,62,0.09317199902459128,1.097650513850475
Pooled,63,0.09348511888411579,1.0979942638398446
Pooled,64,0.09372743880234148,1.0982603619592055
Pooled,65,0.09389964679207875,1.0984495074540621
Pooled,66,0.09400251808414259,1.0985625121865326
Pooled,67,0.09403690390146759,1.0986002878058656
Pooled,68,0.09400372023826731,1.0985638328287815
Pooled,69,0.09390393671720876,1.0984542197303158
Pooled,70,0.09373856559632927,1.0982725821439836
Pooled,71,0.09350865099578785,1.0980201022674916
Pooled,72,0.09321525841253032,1.0976979985669477
Pooled,73,0.09285946458856427,1.0973075138686188
Pooled,74,0.09244234779580528,1.096849903922795
Pooled,75,0.0919649785973811,1.096326426519303
Pooled,76,0.09142841114188534,1.095738331228739
Pooled,77,0.09083367504337557,1.0950868498375899
Pooled,78,0.09018176789593212,1.0943731875391605
Pooled,79,0.08947364846735577,1.0935985149356822
Pooled,80,0.08871023061210855,1.0927639609001665
Pooled,81,0.0878923779389156,1.0918706063395789
Pooled,82,0.08702089926357384,1.090919478893761
Pooled,83,0.08609654487248011,1.089911548597281
Pooled,84,0.08512000361722766,1.088847724524089
Pooled,85,0.08409190085534775,1.087728852427539
Pooled,86,0.08301279724692893,1.0865557133810322
Pooled,87,0.08188318841145037,1.0853290234173076
Pooled,88,0.08070350544375397,1.0840494341572589
Pooled,89,0.07947411628267664,1.0827175344121416
Pooled,90,0.07819532792050149,1.0813338527361855
Pooled,91,0.07686738943609119,1.0798988608999582
Pooled,92,0.07549049582936952,1.0784129782483898
Pooled,93,0.07406479262974189,1.0768765769011839
Pooled,94,0.07259038124612599,1.0752899877474287
Pooled,95,0.07106732502151877,1.0736535071806343
Pooled,96,0.0694956559504886,1.0719674045151766
Pooled,97,0.06787538201367017,1.0702319300202445
Pooled,98,0.06620649507928283,1.0684473235029242
Pooled,99,0.06448897931790841,1.0666138233680138
Pooled,100,0.06272282007327702,1.0647316760785897
Pooled,101,0.0609080131286353,1.062801145938269
Pooled,102,0.0590445743054288,1.0608225251135572
Pooled,103,0.057132549328536945,1.0587961438126643
Pooled,104,0.05517202389016659,1.0567223805357366
Pooled,105,0.0531631338427537,1.0546016723106246
Pooled,106,0.05110607544984906,1.052434524828074
Pooled,107,0.049001115622986,1.0502215223906453
Pooled,108,0.04684860207194863,1.0479633375907063
Pooled,109,0.04464897329568391,1.0456607406345346
Pooled,110,0.04240276834133329,1.043314608231903
Pooled,111,0.04011063625949736,1.040925931973485
Pooled,112,0.03777334518489174,1.0384958261220076
Pooled,113,0.035391790972995676,1.0360255347472676
Pooled,114,0.03296700532513538,1.0335164381398876
Pooled,115,0.030500163336671517,1.030970058443985
Pooled,116,0.027992590405562217,1.0283880644547123
Pooled,117,0.0254457684415428,1.025772275532863
Pooled,118,0.022861341319484113,1.023124664595352
Pooled,119,0.02024111952414338,1.0204473601473287
Pooled,120,0.017587083937497642,1.0177426473288798
Pooled,121,0.014901388724119303,1.0150129679566648
Pooled,122,0.012186363274601977,1.0122609195483345
Pooled,123,0.009444513171850761,1.0094892533251085
Pooled,124,0.006678520150087199,1.0067008711953824
Pooled,125,0.0038912410216609497,1.0038988217296032
Pooled,126,0.0010857055521867045,1.0010862951438146
Pooled,127,-0.0017348867298999752,0.9982666173161739
Pooled,128,-0.004567170797568146,0.9954432428672849
Pooled,129,-0.007407621465600127,0.9926197473413386
Pooled,130,-0.010252559803715743,0.9897998185307137
Pooled,131,-0.013098160613039407,0.9869872469918445
Pooled,132,-0.01594046095062238,0.984185915804738
Pooled,133,-0.018775369680843895,0.9813997896325065
Pooled,134,-0.02159867802667388,0.9786329031406238
Pooled,135,-0.024406071088026886,0.9758893488383242
Pooled,136,-0.027193140288794628,0.973173264406609
Pooled,137,-0.029955396708644506,0.9704888195787282
Pooled,138,-0.03268828525034475,0.9678402026397677
Pooled,139,-0.035387199588247584,0.9652316066121226
Pooled,140,-0.03804749783866086,0.9626672151932009
Pooled,141,-0.040664518888191496,0.9601511885107218
Pooled,142,-0.043233599311773965,0.9576876487594957
Pooled,143,-0.04575009080803115,0.9552806657816505
Pooled,144,-0.04820937807587316,0.9529342426499599
Pooled,145,-0.050606897052843616,0.9506523013113019
Pooled,146,-0.052938153432694986,0.9484386683443841
Pooled,147,-0.05519874137702655,0.9462970608828052
Pooled,148,-0.05738436233357374,0.9442310727513237
Pooled,149,-0.05949084387190316,0.9422441608599692
Pooled,150,-0.06151415844586006,0.940339631897409
Pooled,151,-0.06345044199114484,0.9385206293618421
Pooled,152,-0.06529601226586569,0.9367901209647033
Pooled,153,-0.06704738684183756,0.9351508864396634
Pooled,154,-0.06870130065477169,0.9336055057868806
Pooled,155,-0.07025472302233232,0.9321563479802052
Pooled,156,-0.07170487404031878,0.9308055601631416
Pooled,157,-0.07304924026897025,0.9295550573578257
Pooled,158,-0.07428558962357129,0.9284065127101139
Pooled,159,-0.07541198538615675,0.9273613482931315
Pooled,160,-0.0764267992581686,0.9264207264912672
Pooled,161,-0.07732872337738261,0.9255855419866456
Pooled,162,-0.07811678122629868,0.9248564143705447
Pooled,163,-0.07879033736344952,0.9242336814030114
Pooled,164,-0.07934910591371602,0.9237173929450561
Pooled,165,-0.07979315775872065,0.9233073055892179
Pooled,166,-0.08012292637368648,0.9230028780159543
Pooled,167,-0.08033921226276944,0.9228032671051463
Pooled,168,-0.08044318595077792,0.9227073248339814
Pooled,169,-0.08043638949535051,0.922713595994498
Pooled,170,-0.08032073649005676,0.9228203167660702
Pooled,171,-0.08009851053547119,0.9230254141800147
Pooled,172,-0.07977236216203432,0.9233265065152091
Pooled,173,-0.07934530419541085,0.9237209046650529
Pooled,174,-0.07882070556206681,0.9242056145171783
Pooled,175,-0.07820228353986539,0.9247773403879513
Pooled,176,-0.07749409446561296,0.9254324895538895
Pooled,177,-0.07670052291861848,0.9261671779215997
Pooled,178,-0.07582626940644255,0.9269772368766077
Pooled,179,-0.07487633658606925,0.9278582213494403
Pooled,180,-0.07385601406069366,0.9288054191344821
Pooled,181,-0.07277086179916224,0.9298138614933736
Pooled,182,-0.0716266922317856,0.9308783350700278
Pooled,183,-0.0704295510827356,0.9319933951386749
Pooled,184,-0.06918569700551873,0.933153380199673
Pooled,185,-0.06790158009403648,0.9343524279301636
Pooled,186,-0.06658381934749065,0.9355844924879962
Pooled,187,-0.06523917917282511,0.9368433631577524
Pooled,188,-0.06387454501349506,0.9381226843172045
Pooled,189,-0.06249689819809307,0.9394159766912246
Pooled,190,-0.06111329010671259,0.9407166598481175
Pooled,191,-0.05973081575687485,0.9420180758806883
Pooled,192,-0.058356586914359715,0.9433135142012159
Pooled,193,-0.05699770483734977,0.9445962373660389
Pooled,194,-0.055661232764900856,0.9458595078318344
Pooled,195,-0.05435416826287696,0.9470966155320786
Pooled,196,-0.05308341554212105,0.9483009061488149
Pooled,197,-0.05185575786476574,0.9494658099419276
Pooled,198,-0.05067783015520811,0.9505848709858492
Pooled,199,-0.04955609193238107,0.9516517766522345
Pooled,200,-0.04849680067953901,0.9526603871668284
Pooled,201,-0.04750598576684278,0.9536047650597589
Pooled,202,-0.046589423040578205,0.9544792043210005
Pooled,203,-0.0457526101908732,0.9552782590669635
Pooled,204,-0.04500074300730458,0.9559967715202516
Pooled,205,-0.044338692628807456,0.9566298991027309
Pooled,206,-0.043770983890834524,0.9571731404422951
Pooled,207,-0.04330177486876922,0.9576223600961848
Pooled,208,-0.04293483771219218,0.957973811798474
Pooled,209,-0.04267354085975188,0.9582241600463973
Pooled,210,-0.04252083271911758,0.9583704998495441
Pooled,211,-0.04247922689081705,0.9584103744775119
Pooled,212,-0.0425507890087063,0.9583417910553239
Pooled,213,-0.042737125263409864,0.9581632338716078
Pooled,214,-0.043039372668333714,0.9578736752820473
Pooled,215,-0.043458191120818515,0.9574725841097446
Pooled,216,-0.0439937573036983,0.9569599314646248
Pooled,217,-0.04464576046498935,0.956336193925601
Pooled,218,-0.04541340010568992,0.9556023540516314
Pooled,219,-0.04629538559775629,0.9547598982107002
Pooled,220,-0.047289937746268926,0.953810811738847
Pooled,221,-0.048394792301650905,0.9527575714643235
Pooled,222,-0.049607205419579636,0.9516031356544473
Pooled,223,-0.05092396105799132,0.9503509314644353
Pooled,224,-0.0523413802923317,0.9490048399881459
Pooled,225,-0.05385533252201514,0.9475691790299372
Pooled,226,-0.05546124853293697,0.9460486837345222
Pooled,227,-0.05715413537288483,0.9444484852275378
Pooled,228,-0.058928592988848075,0.9427740874333478
Pooled,229,-0.06077883256756656,0.9410313422482212
Pooled,230,-0.06269869651322063,0.9392264232563495
Pooled,231,-0.06468167998898548,0.9373657981831173
Pooled,232,-0.06672095394227659,0.9354562002845815
Pooled,233,-0.06880938952694134,0.9335045988742642
Pooled,234,-0.0709395838294262,0.931518169188155
Pooled,235,-0.07310388680010194,0.9295042617863588
Pooled,236,-0.07529442928548802,0.9274703716852046
Pooled,237,-0.07750315205210348,0.9254241074070353
Pooled,238,-0.07972183568811421,0.9233731601264716
Pooled,239,-0.0819421312648597,0.9213252730819218
Pooled,240,-0.08415559163675221,0.9192882114096746
Pooled,241,-0.08635370325495989,0.9172697325453378
Pooled,242,-0.08852791836772926,0.9152775573238747
Pooled,243,-0.09066968747818524,0.9133193418953195
Pooled,244,-0.09277049192897817,0.9114026505586398
Pooled,245,-0.0948218764822293,0.9095349296014276
Pooled,246,-0.09681548176287873,0.907723482218334
Pooled,247,-0.09874307643374379,0.9059754445666756
Pooled,248,-0.10059658897137475,0.9042977630035985
Pooled,249,-0.1023681389131281,0.9026971725358032
Pooled,250,-0.10405006744776893,0.9011801765002522
Pooled,251,-0.10563496722435955,0.8997530274826675
Pooled,252,-0.10711571125716862,0.8984217094700764
Pooled,253,-0.10848548080784767,0.897191921224306
Pooled,254,-0.10973779213014313,0.8960690608552085
Pooled,255,-0.11086652196693036,0.8950582115655974
Pooled,256,-0.11186593169435319,0.8941641285344073
Pooled,257,-0.11273069001330485,0.8933912269004729
Pooled,258,-0.11345589409437087,0.892743570806542
Pooled,259,-0.11403708908864907,0.8922248634616724
Pooled,260,-0.11447028592353423,0.8918384381799624
Pooled,261,-0.11475197730958314,0.8915872503545642
Pooled,262,-0.11487915189192324,0.8914738703280621
Pooled,263,-0.11484930648730612,0.891500477123471
Pooled,264,-0.11466045635580405,0.8916688530042132
Pooled,265,-0.11431114346426446,0.8919803788363787
Pooled,266,-0.11380044270694585,0.8924360302322168
Pooled,267,-0.1131279660572153,0.8930363744600396
Pooled,268,-0.11229386463276034,0.893781568112406
Pooled,269,-0.11129882866542042,0.8946713555314514
Pooled,270,-0.11014408537543291,0.8957050679973968
Pooled,271,-0.10883139475858103,0.8968816236934858
Pooled,272,-0.10736304330339136,0.8981995284676758
Pooled,273,-0.1057418356641092,0.8996568774182555
Pooled,274,-0.10397108432365815,0.9012513573369844
Pooled,275,-0.1020545972891132,0.9029802500492462
Pooled,276,-0.09999666387036239,0.9048404366959224
Pooled,277,-0.0978020386005548,0.9068284030060889
Pooled,278,-0.09547592336460352,0.9089402456131149
Pooled,279,-0.09302394780939699,0.9111716794691532
Pooled,280,-0.09045214811643819,0.9135180464142701
Pooled,281,-0.08776694422434607,0.9159743249564696
Pooled,282,-0.08497511559499472,0.9185351413175339
Pooled,283,-0.08208377562299647,0.9211947817968762
Pooled,284,-0.07910034479373984,0.9239472065014203
Pooled,285,-0.07603252270023929,0.9267860644838729
Pooled,286,-0.07288825903362657,0.9297047103246158
Pooled,287,-0.06967572366619178,0.9326962221838339
Pooled,288,-0.06640327594944229,0.935753421340467
Pooled,289,-0.06307943335269103,0.9388688932231581
Pooled,290,-0.05971283957017597,0.9420350099256983
Pooled,291,-0.056312232226663574,0.9452439541856182
Pooled,292,-0.052886410312878995,0.9484877447897115
Pooled,293,-0.049444201482928475,0.9517582633545579
Pooled,294,-0.04599442934614273,0.9550472824137237
Pooled,295,-0.042545880885467666,0.9583464947264823
Pooled,296,-0.03910727413365174,0.9616475437058447
Pooled,297,-0.03568722623706504,0.964942054846653
Pooled,298,-0.03229422203499458,0.9682216680177654
Pooled,299,-0.028936583279749767,0.971478070466183
Pooled,300,-0.025622438619858138,0.9747030303656418
Pooled,301,-0.022359694465067973,0.9778884307279823
Pooled,302,-0.01915600684781591,0.9810263034827783
Pooled,303,-0.016018754391271442,0.984108863519535
Pooled,304,-0.012955012489073603,0.98712854247748
Pooled,305,-0.00997152879644167,0.9900780220607933
Pooled,306,-0.0070747001264934795,0.9929502666522602
Pooled,307,-0.0042705508393790625,0.9957385549959342
Pooled,308,-0.001564712805252918,0.9984365107195904
Pooled,309,0.0010375929848007806,1.0010381314706287
Pooled,310,0.003531573092979281,1.0035378164446889
Pooled,311,0.005912876534662341,1.00593039209455
Pooled,312,0.008177607852249559,1.0082111358178787
Pooled,313,0.010322338319068572,1.0103757974359515
Pooled,314,0.012344115237531273,1.012420618291454
Pooled,315,0.014240469303883563,1.0143423478117013
Pooled,316,0.01600942002014815,1.0161382574038686
Pooled,317,0.01764947914216194,1.017806151570815
Pooled,318,0.019159652160924974,1.019344376159541
Pooled,319,0.020539437822769645,1.020751823678909
Pooled,320,0.021788825702090554,1.0220279356486242
Pooled,321,0.02290829184850871,1.023172701967294
Pooled,322,0.023898792538346265,1.0241866573132519
Pooled,323,0.024761756168124486,1.0250708746174308
Pooled,324,0.025499073335429837,1.025826955672509
Pooled,325,0.026113085159894953,1.0264570189665083
Pooled,326,0.026606569904175155,1.0269636848516879
Pooled,327,0.026982727961638683,1.0273500581806319
Pooled,328,0.02724516528400245,1.0276197085606453
Pooled,329,0.027397875328304244,1.0277766483947044
Pooled,330,0.027445219608383017,1.0278253088920934
Pooled,331,0.027391906941418204,1.0277705142443399
Pooled,332,0.027242971485030517,1.027617454172058
Pooled,333,0.027003749664956923,1.0273716550557597
Pooled,334,0.026679856097356288,1.0270389498685955
Pooled,335,0.026277158613368958,1.0266254471313703
Pooled,336,0.025801752496628083,1.0261374991101293
Pooled,337,0.025259934046989105,1.0255816694742188
Pooled,338,0.024658173585802693,1.0249647006281581
Pooled,339,0.024003088019592236,1.0242934809240751
Pooled,340,0.023301413080012667,1.0235750119530498
Pooled,341,0.022559975358454287,1.0228163761037148
Pooled,342,0.02178566425361932,1.022024704565077
Pooled,343,0.020985403949840324,1.0212071459380212
Pooled,344,0.020166125542831887,1.0203708356065484
Pooled,345,0.019334739427986893,1.0195228660057516
Pooled,346,0.0184981080642384,1.0186702579090618
Pooled,347,0.017663019223943435,1.0178199328426445
Pooled,348,0.016836159836196372,1.016978686720194
Pooled,349,0.016024090527483693,1.0161531647769768
Pooled,350,0.015233220959652847,1.0153498378679742
Pooled,351,0.014469786060812511,1.014574980181548
Pooled,352,0.013739823240033873,1.013834648407332
Pooled,353,0.01304915067160031,1.0131346623851474
Pooled,354,0.012403346729087756,1.0124805872507658
Pooled,355,0.011807730643772298,1.0118777170843365
Pooled,356,0.011267344455788933,1.011331060058352
Pooled,357,0.010786936320126483,1.010845325074113
Pooled,358,0.010370945222983182,1.0104249098688471
Pooled,359,0.010023487157239266,1.0100738905698594
Pooled,360,0.009748342798878705,1.0097960126673635
Pooled,361,0.009548946719124677,1.0095946833738894
Pooled,362,0.009428378159895183,1.009472965335341
Pooled,363,0.009389353392953327,1.0094335716568041
Pooled,364,0.009434219675871287,1.0094788622050186
Pooled,365,0.009564950810665274,1.009610841148916
