year,site,ROADWAY,DESC_FRM,DESC_TO,aadt,KFCTR,DFCTR,COUNTY
2021,034131,03060000,COLLIER BLVD/SR 951,S BARFIELD DR,10600,9,56.7,Collier
2021,034507,03631000,BEARS PAW TR,N/A,50500,9,56.7,Collier
2021,030272,03000302,GOLDEN GATE BLVD,12TH AVE NE,190,9,56.7,Collier
2021,035029,03010000,NAPLES PLZ  ENT,BANYAN BLVD,35500,9,55.1,Collier
2021,030205,03080000,CR 858 / OIL WELL RD,NEW HARVEST RD,8300,9,58.3,Collier
2021,034148,03510100,PELICAN EAST,SR 951/COLLIER BLVD,4200,9,56.7,Collier
2021,037039,03175039,CR 886/GOLDEN GATE,RAMP# 03175038,7200,9,99.9,Collier
2021,030014,03010000,TREETOPS DR,SR 951,37000,9,55.1,Collier
2021,030158,03631000,N/A,CR 896/PINE RIDGE RD,34500,9,56.7,Collier
2021,034597,03521000,VANDERBILTBCHRDCR862,IMMOKALEE RD/CR 846,28500,9,56.7,Collier
2021,034144,03510000,SAN MARCO RD,END OF ROUNDABOUT,14800,9,56.7,Collier
2021,030048,03060000,S BARFIELD DR,US 41/TAMIAMI TRL,3800,9,56.7,Collier
2021,034657,03030000,VERONA WALK BLVD,N/A,36500,9,55.1,Collier
2021,034185,03600000,SNOOK ALLEY,BROADWAY,1500,9.5,56.7,Collier
2021,034152,03514000,US-41/SR-45,CHANNEL THIRTY DR,15400,9,56.7,Collier
2021,030018,03010000,SHOPPING CENTER ENT,111TH AVE N/CR 846,59000,9,55.1,Collier
2021,030067,03631102,CR 886 WB Off Ramp, ,9500,9,99.9,Collier
2021,030023,03003000,NORTH RD,UNSIGNED,50000,9,56.7,Collier
2021,034157,03527000,CR 858/OIL WELL RD,CR 846/IMMOKALEE RD,2200,9.5,56.7,Collier
2021,037003,03175028,SR-29,I-75,650,10.5,99.9,Collier
2021,037013,03175007,SR-951 SB,I-75 NB,13500,10.5,99.9,Collier
2021,030005,03010000,IMPERIAL WILDRNSS BV,SAN MARCO DR/CR 92,5000,9.5,56.7,Collier
2021,030054,03550000,US 41,GOODLETTE-FRANK RD,4300,9,56.7,Collier
2021,034127,03000601,SCOTT DR,CR 92/SAN MARCO DR,7800,9,56.7,Collier
2021,034510,03511000,N/A,CR 951/COLLIER BLVD,18600,9,56.7,Collier
2021,030011,03040000,CR 94/LOOP RD,DADE CO LN,2300,9.5,58.3,Collier
2021,034528,03513000,RADIO RD/CR 856,GOLDEN GATE PKWY,39000,9,56.7,Collier
2021,030001,03080000,LK TRAFFORD RD,CR 29A,14500,9,58.3,Collier
2021,034601,03030000,N/A,BECK BLVD,50000,9,55.1,Collier
2021,034567,03590000,SR 45/US 41,TURNOUT TO I75 SB,56500,9,56.7,Collier
2021,034155,03519000,GREEN BLVD,VANDERBILT BEACH RD,27500,9,56.7,Collier
2021,034010,03507000,THE COMMONS,GOLDEN GATE PKWY,35500,9,56.7,Collier
2021,030012,03010000,GULF PARK DR,SEAGATE DR/CR 896,44000,9,55.1,Collier
2021,034203,03590000,TURNOUT TO I75 SB,MAIN ST/SR 29,8400,9.5,56.7,Collier
2021,034201,03000064,UNSIGNED,LK TRAFFORD RD/CR890,3000,9,56.7,Collier
2021,030173,03175000,BROWARD COUNTY LINE,N/A,23500,10.5,55.5,Collier
2021,030035,03003000,N/A,N/A,50500,9,56.7,Collier
2021,037033,03175023,IMMOKALEE RD/CR 846,I-75 NB / SR 93,18500,9,99.9,Collier
2021,030015,03010000,THOMASSON DR,TREETOPS DR,43500,9,55.1,Collier
2021,034166,03530000,AIRPORT PULLING,N/A,25000,9,56.7,Collier
2021,030050,03515000,52ND AVE SE,GOLDEN GATE BLVD,5900,9,56.7,Collier
2021,034034,03530000,DANFORD STREET,BAYSHORE DR,2100,9,56.7,Collier
2021,034569,03507000,US-41/TAMIAMI TRL,THE COMMONS,26500,9,56.7,Collier
2021,030104,03040000,CR 29,CR839TURNER RIVER RD,2700,9.5,58.3,Collier
2021,037038,03175038,CR 886/GOLDEN GATE,I-75 / SR 93 NB,11000,9,99.9,Collier
2021,037021,03175009,I-75/SR-93,PINE RIDGE RD/CR-896,5300,9,99.9,Collier
2021,030175,03003000,SR-84/DAVIS BLVD,NORTH RD,44500,9,56.7,Collier
2021,034523,03530000,RAMP NORTH OF I-75,N/A,38000,9,56.7,Collier
2021,030176,03001000,AIRPORT PULLING RD,COUNTY BARN RD,26500,9,56.7,Collier
2021,037002,03175025,SR-29,I-75,1600,10.5,99.9,Collier
2021,037011,03175001,SR-951,I-75/SR-93 SB,2500,9,99.9,Collier
2021,034602,03030000,RATTLESNAKE HAMMOCK,N/A,42500,9,55.1,Collier
2021,034655,03530000,GOLDEN GATE BLVD,CR 846,35000,9,56.7,Collier
2021,030195,03001000,COUNTY BARN RD,SANTA BARBARA BLVD,28000,9,56.7,Collier
2021,034605,03511000,LIVINGSTON RD,N/A,51000,9,56.7,Collier
2021,030029,03080000,1ST ST,IMMOKALEE DR,19200,9,58.3,Collier
2021,030182,03080000,Bridge No-030291,CR 858 / OIL WELL RD,3400,9.5,58.3,Collier
2021,034532,03030000,SR 90/US 41,VERONA WALK BLVD,35000,9,55.1,Collier
2021,034686,03521000,CR856/RADIO RD,BRIARWOOD BLVD,23000,9,56.7,Collier
2021,034659,03503000,VANDERBILT BCH RD,CR 846/NAPLES-IMMOKA,28000,9,56.7,Collier
2021,034548,03610000,VANDERBILT DR/CR 901,BONITA BEACH RD SW,8400,9,56.7,Collier
2021,034125,03000523,VANDERBILT BCH RD,CR-846/IMMOKALEE RD,7600,9,56.7,Collier
2021,030017,03010000,VANDER BCH RD/CR 862,GULF PARK DR,42000,9,55.1,Collier
2021,034186,03631100,BEARS PAW TRL,CR 881 LIVINGSTON RD,44500,9,56.7,Collier
2021,037005,03175034,I-75 NB,I-75 NB,100,10.5,99.9,Collier
2021,030002,03080000,NEW HARVEST RD,1ST ST,8700,9,58.3,Collier
2021,037024,03175013,I-75 / SR 93 SB,PINE RIDGE RD/CR 896,11000,9,99.9,Collier
2021,030124,03010000,GDLTE FRANK RD/CR851,DAVIS BLVD/ SR 84,51000,9,55.1,Collier
2021,035001,03010000,DAVIS BLVD/ SR 84,PETERS AVE,35000,9,55.1,Collier
2021,030063,03631105,GOLDEN GATE PKWY,GOODLETTE FRANK RD,6100,9,99.9,Collier
2021,035629,03516000,GULF SHORE BLVD,US-41,4000,9,56.7,Collier
2021,037035,03175035,I-75 / SR 93 NB,CR 886/GOLDEN GATE,2200,9,99.9,Collier
2021,037012,03175003,I-75 NB TO SR 951 NB,SR 951 NB,2200,9,99.9,Collier
2021,030190,03030001,BECK BLVD,ENDS @ RIGHT OF WAY,64500,9,55.1,Collier
2021,034669,03610000,US41/TAMIAMI TRL,GULF HARBOR DR,7300,9,56.7,Collier
2021,034575,03521000,PINE RIDGE RD/CR 896,ORANGE BLOSSOM DR,29500,9,56.7,Collier
2021,037034,03175021,I-75 SB / SR 93,IMMOKALEE RD/CR 846,18000,9,99.9,Collier
2021,030065,03631103,CR 886 EB On Ramp, ,8200,9,99.9,Collier
2021,034585,03518000,GULFSHORE DR,US41/TAMIAMI TRL,4800,9,56.7,Collier
2021,030123,03010000,5TH AVE S,GDLTE FRANK RD/CR851,37000,9,55.1,Collier
2021,030022,03000010,TERMINAL DR,AIRPORT PULLING RD,2300,9,56.7,Collier
2021,034165,03528000,COLLIER/MONROE CO LN,US 41/TAMIAMI TRAIL,80,9.5,56.7,Collier
2021,037006,03175033,I-75 SB,I-75 SB,100,10.5,99.9,Collier
2021,030006,03080000,SR90/US41/TAMIAMI TR,CR837/WAGON WHEEL RD,1900,9.5,56.7,Collier
2021,030184,03080000,SR 82,HENDRY CO. LN,6400,9.5,58.3,Collier
2021,030111,03010000,SAN MARCO DR/CR 92,CR 29,3000,9.5,56.7,Collier
2021,034525,03530000,N/A,WHITE BLVD,34500,9,56.7,Collier
2021,030193,03001000,CR 856 / RADIO RD,CR 951/COLLIER BLVD,26000,9,56.7,Collier
2021,037031,03175019,I-75 NB / SR 93,IMMOKALEE RD/CR 846,8900,9,99.9,Collier
2021,030200,03050000,CR850/CORKSCREW BLVD,SR 29,17300,9.5,58.3,Collier
2021,030194,03010000,SR 951,IMPERIAL WILDRNSS BV,22500,9,56.7,Collier
2021,032003,03175000,GOLDEN GT PKWY/CR886,Bridge No-030200,83000,9,55.9,Collier
2021,034578,03550000,CR888/WIGGINS PASSRD,BLUEBILL AVE,6300,9,56.7,Collier
2021,034673,03521000,IMMOKALEE RD/CR 846,LEE CO  LINE,27000,9,56.7,Collier
2021,037001,03175027,I-75,SR-29,450,10.5,99.9,Collier
2021,030094,03010000,PETERS AVE,THOMASSON DR,44331,9,55.1,Collier
2021,034188,03633000,RATTLESNAKE HAMMOCK,DAVIS BLVD/SR 84,5500,9,56.7,Collier
2021,034576,03521000,ORANGE BLOSSOM DR,VANDERBILTBCHRDCR862,33500,9,56.7,Collier
2021,034139,03501000,LEE CO  LINE,SR 82,4600,9.5,56.7,Collier
2021,030064,03631101,CR 886 EB Off Ramp, ,9700,9,99.9,Collier
2021,030201,03000303,20TH ST NE,EVERGLADES BLVD,300,9.5,56.7,Collier
2021,037007,03175032,C/L OF 03175030,C/L OF 03175031,850,10.5,55.5,Collier
2021,034128,03003000,N/A,US-41/SR-45,32500,9,56.7,Collier
2021,037023,03175015,PINE RIDGE RD/CR-896,I-75 NB,11000,9,99.9,Collier
2021,034171,03530001,IBIS CLUB DR,SR 84/DAVIS BLVD,13700,9,56.7,Collier
2021,030052,03515000,GOLDEN GATE BLVD,CR-846/IMMOKALEE RD,6300,9,56.7,Collier
2021,037004,03175026,I-75,SR-29,1400,10.5,99.9,Collier
2021,039950,03175000,Bridge No-030321,LEE COUNTY LINE,103888,9,55.8,Collier
2021,034603,03030000,N/A,RATTLESNAKE HAMMOCK,38000,9,55.1,Collier
2021,037022,03175011,PINE RIDGE RD/CR-896,I-75/SR-93,6400,9,99.9,Collier
2021,030177,03003000,US-41,SR-84/DAVIS BLVD,32500,9,56.7,Collier
2021,034176,03580000,MAIN ST,NEW MARKET RD W,12400,9,58.3,Collier
2021,030178,03001000,US 41/SR 90,AIRPORT PULLING RD,24500,9,56.7,Collier
2021,034534,03505000,COUNTY BARN RD,CR-951/COLLIER BLVD,18600,9,56.7,Collier
2021,037014,03175005,I-75,SR-951,14000,10.5,99.9,Collier
2021,030003,03010000,SEAGATE DR/CR 896,PARK SHORE DR,42000,9,55.1,Collier
2021,034536,03530000,WHITE BLVD,GOLDEN GATE BLVD,37000,9,56.7,Collier
2021,034121,03000062,IMMOKALEE DR,NEW MARKET RD/CR29 A,6900,9,56.7,Collier
2021,034176,03580000,NEW MARKET RD W,SR 29/N 15TH ST,6200,9,99.9,Collier
2021,034126,03000529,CORKSCREW RD,CR 850/WILDCAT DR,4700,9.5,56.7,Collier
2021,034149,03512000,US41 / TAMIAMI TRL,CR 951/COLLIER BLVD,26500,9,56.7,Collier
2021,032000,03175000,Bridge No-030196,GOLDEN GT PKWY/CR886,45500,9,55.9,Collier
2021,034129,03020000,SR-29/MAIN ST,HENDRY CO. LN/CR-858,2800,9,56.7,Collier
2021,034524,03550000,VANDERBILT BCH RD,US 41,11500,9,56.7,Collier
2021,034529,03513000,GOLDEN GATE PKWY,GREEN BLVD,27500,9,56.7,Collier
2021,034137,03070000,COPELAND AVE,US41/TAMIAMI TRAIL,3100,9.5,56.7,Collier
2021,034628,03504000,LIVINGSTON RD,N/A,58000,9,56.7,Collier
2021,035011,03010000,PARK SHORE DR,NAPLES PLZ  ENT,39000,9,55.1,Collier
2021,030160,03504000,AIRPORT PULLING/CR31,LIVINGSTON RD,54500,9,56.7,Collier
2021,030143,03080000,CR 29A,SR 82,16100,9.5,57.6,Collier
2021,030189,03030000,CR 92/SAN MARCO RD,Bridge No-030293,16100,9,55.1,Collier
2021,034172,03540000,SR 29,CO. LINE RD,800,9.5,56.7,Collier
2021,030271,03000301,GOLDEN GATE BLVD,12TH AVE NE,2400,9,56.7,Collier
2021,034687,03521000,BRIARWOOD BLVD,TURNOUT TO GOLDENGT,32500,9,56.7,Collier
2021,030038,03080000,IMMOKALEE DR,LK TRAFFORD RD,17200,9,58.3,Collier
2021,030024,03003000,UNSIGNED,N/A,41500,9,56.7,Collier
2021,030066,03631104,CR 886 WB Off Ramp, ,7000,9,99.9,Collier
2021,030170,03001000,SANTA BARBARA BLVD,CR 856 / RADIO RD,14900,9,56.7,Collier
2021,034100,03000001,HURON CT,SR-951/SAN MARCO RD,10200,9,55.1,Collier
2021,034187,03632000,CR-846/IMMOKALEE RD,SR-29,8200,9.5,56.7,Collier
2021,034122,03000063,SR 29 (W MAIN ST),IMMOKALEE DR,8800,9,56.7,Collier
2021,034526,03504000,N/A,COLLIER BLVD/CR-951,41000,9,56.7,Collier
2021,030179,03010000,LEE CO  LN,SHOPPING CENTER ENT,40500,9,55.1,Collier
2021,034670,03610000,GULF HARBOR DR,VANDERBILT DR/CR 901,5300,9,56.7,Collier
2021,034123,03000066,SR 82,TERMINUS,750,9.5,56.7,Collier
2021,034503,03503000,CR896/PINE RIDGE RD,VANDERBILT BCH RD,42500,9,56.7,Collier
2021,030031,03080000,CR837/WAGON WHEEL RD,Bridge No-030291,1450,9.5,56.7,Collier
2021,034690,03521000,TURNOUT TO GOLDENGT,PINE RIDGE RD/CR 896,27000,9,56.7,Collier
2021,037037,03175037,I-75 / SR 93 SB,CR 886/GOLDEN GATE,19000,9,99.9,Collier
2021,030191,03175000,Bridge No-030200,Bridge No-030321,89884,9,55.9,Collier
2021,030192,03010000,111TH AVE N/CR 846,VANDER BCH RD/CR 862,52000,9,55.1,Collier
2021,034174,03560000,PEPPER RD,SR-29/15TH ST,8300,9,56.7,Collier
2021,030062,03000524,VANDERBILT BEACH RD,AZALEA DR,11100,9,56.7,Collier
2021,034516,03505000,US-41/SR-90,COUNTY BARN RD,22500,9,56.7,Collier
2021,030183,03050000,HENDRY CO LN,CR850/CORKSCREW BLVD,16900,9.5,58.3,Collier
2021,030351,03175000,N/A,Bridge No-030196,26851,10.5,55.2,Collier
2021,030157,03030000,Bridge No-030293,SR 90/US 41,37500,9,55.1,Collier
2021,032354,03634001,GULF SHORE BLVD,US-41/SR-45,5500,9,56.7,Collier
2021,034119,03000060,CR-901/VANDERBILT DR,BLUEBILL AVE,3700,9,56.7,Collier
2021,035007,03010000,BANYAN BLVD,5TH AVE S,33000,9,55.1,Collier
2021,034521,03530000,BAYSHORE DR,US 41/TAMIAMI TRAIL,16300,9,56.7,Collier
2021,034124,03000523,CR-896/PINE RIDGE RD,VANDERBILT BCH RD,5300,9,56.7,Collier
2021,037032,03175017,IMMOKALEE RD/CR 846,I-75 SB/ SR 93,9000,9,99.9,Collier
2021,030270,03040000,CR839TURNER RIVER RD,CR 94/LOOP RD,3293,9.5,58.3,Collier
2021,034902,03000061,CARSON RD,N/A,6700,9,56.7,Collier
2021,037036,03175036,CR 886/GOLDEN GATE,I-75 / SR 93 SB,2200,9,99.9,Collier
2021,034030,03000038,GULFSHORE BLVD,US-41/SR-45,14600,9,56.7,Collier
2021,034106,03000027,END OF RD/BCH ACCESS,US-41/SR45,5700,9,56.7,Collier
2021,030044,03000029,HARBOR DR,PARK SHORE DR,4300,9,56.7,Collier
2021,034116,03000057,CR 846 IMMOKALEE RD,EVERGLADES BLVD,15200,9,56.7,Collier
2021,034900,03000018,US 41 TAMIAMI TRAIL,CR-864/RATLSNAK HAMM,9600,9,56.7,Collier
2021,034537,03000040,SR-84/DAVIS BLVD,CR-856/RADIO RD,31500,9,56.7,Collier
2021,034111,03000044,BANYAN BLVD,HARBOUR DR,3900,9,56.7,Collier
2021,034531,03000056,CR951/COLLIER BLVD,N/A,27000,9,56.7,Collier
2021,034621,03000055,CR-92/SAN MARCO RD,BRIARWOOD CT,4100,9,56.7,Collier
2021,034901,03000019,PINE RIDGE ROAD,AIRPORT ROAD,14000,9,56.7,Collier
2021,030056,03000021,GRAND LELY DR,COLLIER BLVD,3900,9,56.7,Collier
2021,034522,03000052,BAYSHORE DR,ORCHARD LN,7600,9,56.7,Collier
2021,030057,03000022,COLLIER BLVD,LELY RESORT BLVD,7300,9,56.7,Collier
2021,034102,03000008,BROAD AVE S,BANYAN BLVD,3500,9,56.7,Collier
2021,034652,03000056,N/A,500'E OF DESOTO BLVD,19500,9,56.7,Collier
2021,034114,03000054,GOLDEN GATE BLVD,CR 846/ IMMOKALEE RD,6400,9,56.7,Collier
2021,034034,03000030,.362 S OF HARBOUR DR,.625 N OF PARK SHORE,2100,9,56.7,Collier
2021,034118,03000059,LAKE TRAFFORD/CR890,WESTCLOX ST,5100,9,56.7,Collier
2021,030061,03000049,OIL WELL RD,POPE JOHN PAUL II BL,2300,9.5,56.7,Collier
2021,034712,03000039,S COLLIER BLVD,S BARFIELD DR,4100,9,56.7,Collier
2021,030060,03000041,AIRPORT PULLING RD,LIVINGSTON RD,12600,9,56.7,Collier
2021,030045,03000029,PARK SHORE DR,SEAGATE DR,4400,9,56.7,Collier
2021,034101,03000007,CRAYTON RD,US-41/SR-45/9TH ST N,2000,9,56.7,Collier
2021,030058,03000025,RATTLESNAKE HAMMOCK,DAVIS BLVD,18500,9,56.7,Collier
2021,034199,03000007,GULF SHORE BLVD,CRAYTON RD,2400,9,56.7,Collier
2021,034117,03000058,CARSON RD,NEW MARKET RD/CR-29A,3700,9,56.7,Collier
2021,034113,03000053,ORCHARD LN,US 41/SR 90,6700,9,56.7,Collier
2021,034622,03000055,BRIARWOOD CT,BALD EAGLE DR,9000,9,56.7,Collier
2021,034104,03000020,CR-896/PINE RIDGE RD,CR-846/IMMOKALEE RD,21500,9,56.7,Collier
2021,034530,03000015,US 41/TAMIAMI TR,GOODLETTE-FRANK RD,22500,9,56.7,Collier
2021,030059,03000026,BANYAN BLVD,GULF SHORE BLVD N,3500,9,56.7,Collier
2021,034112,03000046,CR-862/VANDERBILT RD,111TH AVE,4300,9,56.7,Collier
2021,034108,03000036,SANTA BARBARA BLVD,COLLIER BLVD/CR-951,11100,9,56.7,Collier
2021,034531,03000043,COLLIER BLVD/CR 951,GOLDEN GATE BLVD,27000,9,56.7,Collier
2021,034200,03000052,NORMANDY DR,US 41/TAMIAMI TRL,1150,9,56.7,Collier
2021,034110,03000042,GOODLETTE FRANK RD,AIRPORT PULLING RD,10600,9,56.7,Collier
2021,034103,03000013,GULFSHORE BLVD,9TH ST S /US-41,3000,9,56.7,Collier
2022,034200,03000052,NORMANDY DR,US 41/TAMIAMI TRL,1150,9,56.9,Collier
2022,034529,03513000,GOLDEN GATE PKWY,GREEN BLVD,28000,9,56.9,Collier
2022,030065,03631103,AIRPORT PULLING RD,GOLDEN GATE PKWY,8400,9,99.9,Collier
2022,037007,03175032,C/L OF 03175030,C/L OF 03175031,850,10.5,53.5,Collier
2022,030012,03010000,GULF PARK DR,SEAGATE DR/CR 896,47000,9,54.7,Collier
2022,030124,03010000,GDLTE FRANK RD/CR851,DAVIS BLVD/ SR 84,55500,9,54.7,Collier
2022,030038,03080000,IMMOKALEE DR,LK TRAFFORD RD,16200,9,59,Collier
2022,034537,03000040,SR-84/DAVIS BLVD,CR-856/RADIO RD,32000,9,56.9,Collier
2022,030175,03003000,SR-84/DAVIS BLVD,NORTH RD,46500,9,56.9,Collier
2022,030006,03080000,SR90/US41/TAMIAMI TR,CR837/WAGON WHEEL RD,2500,9.5,56.9,Collier
2022,034034,03000030,.362 S OF HARBOUR DR,.625 N OF PARK SHORE,2100,9,56.9,Collier
2022,034670,03610000,GULF HARBOR DR,VANDERBILT DR/CR 901,5500,9,56.9,Collier
2022,034148,03510100,PELICAN EAST,SR 951/COLLIER BLVD,4200,9,56.9,Collier
2022,030194,03010000,SR 951,SIX L'S FARM RD,21000,9,56.9,Collier
2022,032000,03175000,Bridge No-030196,GOLDEN GT PKWY/CR886,49000,9,54.9,Collier
2022,034601,03030000,N/A,BECK BLVD,56000,9,54.8,Collier
2022,030201,03000303,20TH ST NE,EVERGLADES BLVD,300,9.5,56.9,Collier
2022,030048,03060000,S BARFIELD DR,US 41/TAMIAMI TRL,3900,9,56.9,Collier
2022,034199,03000007,GULF SHORE BLVD,CRAYTON RD,2400,9,56.9,Collier
2022,030066,03631104,GOLDEN GATE PKWY,AIRPORT PULLING RD,7200,9,99.9,Collier
2022,037038,03175038,CR 886/GOLDEN GATE,I-75 / SR 93 NB,12000,9,99.9,Collier
2022,034690,03521000,GOLDENGATEPKWY/CR886,PINE RIDGE RD/CR 896,28000,9,56.9,Collier
2022,030178,03001000,US 41/SR 90,AIRPORT PULLING RD,24000,9,56.9,Collier
2022,037024,03175013,I-75 / SR 93 SB,PINE RIDGE RD/CR 896,11000,9,99.9,Collier
2022,035629,03516000,GULF SHORE BLVD,US-41,4200,9,56.9,Collier
2022,034118,03000059,LAKE TRAFFORD/CR890,WESTCLOX ST,5300,9,56.9,Collier
2022,034900,03000018,US 41 TAMIAMI TRAIL,CR-864/RATLSNAK HAMM,10000,9,56.9,Collier
2022,034152,03514000,US-41/SR-45,CHANNEL THIRTY DR,15800,9,56.9,Collier
2022,030044,03000029,HARBOR DR,PARK SHORE DR,4400,9,56.9,Collier
2022,032354,03634001,GULF SHORE BLVD,US-41/SR-45,5700,9,56.9,Collier
2022,037002,03175025,SR-29,I-75,1600,10.5,99.9,Collier
2022,030094,03010000,PETERS AVE,THOMASSON DR,44103,9,54.7,Collier
2022,037022,03175011,PINE RIDGE RD/CR-896,I-75/SR-93,6400,9,99.9,Collier
2022,034203,03590000,TURNOUT TO I75 SB,MAIN ST/SR 29,8600,9.5,56.9,Collier
2022,037035,03175035,I-75 / SR 93 NB,CR 886/GOLDEN GATE,2500,9,99.9,Collier
2022,030057,03000022,COLLIER BLVD,LELY RESORT BLVD,6700,9,56.9,Collier
2022,034686,03521000,CR856/RADIO RD,BRIARWOOD BLVD,23500,9,56.9,Collier
2022,030064,03631101,GOLDEN GATE PKWY,AIRPORT PULLING RD,9900,9,99.9,Collier
2022,034659,03503000,VANDERBILT BCH RD,CR 846/NAPLES-IMMOKA,29000,9,56.9,Collier
2022,034165,03528000,COLLIER/MONROE CO LN,US 41/TAMIAMI TRAIL,80,9.5,56.9,Collier
2022,035001,03010000,DAVIS BLVD/ SR 84,PETERS AVE,35000,9,54.7,Collier
2022,034531,03000056,CR951/COLLIER BLVD,N/A,27500,9,56.9,Collier
2022,034176,03580000,NEW MARKET RD W,SR 29/N 15TH ST,6400,9,99.9,Collier
2022,037031,03175019,I-75 NB / SR 93,IMMOKALEE RD/CR 846,11000,9,99.9,Collier
2022,034901,03000019,PINE RIDGE ROAD,AIRPORT ROAD,14600,9,56.9,Collier
2022,030193,03001000,CR 856 / RADIO RD,CR 951/COLLIER BLVD,26000,9,56.9,Collier
2022,034522,03000052,BAYSHORE DR,ORCHARD LN,7750,9,56.9,Collier
2022,030062,03000524,VANDERBILT BEACH RD,AZALEA DR,13500,9,56.9,Collier
2022,030058,03000025,RATTLESNAKE HAMMOCK,DAVIS BLVD,18900,9,56.9,Collier
2022,034548,03610000,VANDERBILT DR/CR 901,BONITA BEACH RD SW,8800,9,56.9,Collier
2022,037032,03175017,IMMOKALEE RD/CR 846,I-75 SB/ SR 93,11500,9,99.9,Collier
2022,030018,03010000,SHOPPING CENTER ENT,111TH AVE N/CR 846,64000,9,54.7,Collier
2022,030022,03000010,TERMINAL DR,AIRPORT PULLING RD,2300,9,56.9,Collier
2022,034186,03631100,BEARS PAW TRL,CR 881 LIVINGSTON RD,45500,9,56.9,Collier
2022,034516,03505000,US-41/SR-90,COUNTY BARN RD,23000,9,56.9,Collier
2022,034602,03030000,RATTLESNAKE HAMMOCK,N/A,43000,9,54.8,Collier
2022,030189,03030000,CR 92/SAN MARCO RD,Bridge No-030293,14700,9,54.8,Collier
2022,039950,03175000,Bridge No-030321,LEE COUNTY LINE,108699,9,53.1,Collier
2022,034578,03550000,CR888/WIGGINS PASSRD,BLUEBILL AVE,6500,9,56.9,Collier
2022,034144,03510000,SAN MARCO RD,END OF ROUNDABOUT,10700,9,56.9,Collier
2022,030014,03010000,TREETOPS DR,SR 951,37000,9,54.7,Collier
2022,030015,03010000,THOMASSON DR,TREETOPS DR,45000,9,54.7,Collier
2022,037011,03175001,SR-951,I-75/SR-93 SB,3100,9,99.9,Collier
2022,030050,03515000,52ND AVE SE,GOLDEN GATE BLVD,6100,9,56.9,Collier
2022,034104,03000020,CR-896/PINE RIDGE RD,CR-846/IMMOKALEE RD,22000,9,56.9,Collier
2022,034525,03530000,N/A,WHITE BLVD,35000,9,56.9,Collier
2022,034510,03511000,N/A,CR 951/COLLIER BLVD,19000,9,56.9,Collier
2022,030270,03040000,CR839TURNER RIVER RD,CR 94/LOOP RD,3515,9.5,59,Collier
2022,034126,03000529,CORKSCREW RD,CR 850/WILDCAT DR,4900,9.5,56.9,Collier
2022,034507,03631000,BEARS PAW TR,N/A,52000,9,56.9,Collier
2022,034528,03513000,RADIO RD/CR 856,GOLDEN GATE PKWY,40000,9,56.9,Collier
2022,030205,03080000,CR 858 / OIL WELL RD,NEW HARVEST RD,7800,9,59,Collier
2022,034122,03000063,SR 29 (W MAIN ST),IMMOKALEE DR,11400,9,56.9,Collier
2022,030272,03000302,GOLDEN GATE BLVD,12TH AVE NE,190,9,56.9,Collier
2022,034524,03550000,VANDERBILT BCH RD,US 41,11900,9,56.9,Collier
2022,037039,03175039,CR 886/GOLDEN GATE,RAMP# 03175038,8700,9,99.9,Collier
2022,030023,03003000,NORTH RD,UNSIGNED,47500,9,56.9,Collier
2022,030002,03080000,NEW HARVEST RD,1ST ST,8900,9,59,Collier
2022,034536,03530000,WHITE BLVD,GOLDEN GATE BLVD,38000,9,56.9,Collier
2022,037006,03175033,I-75 SB,I-75 SB,100,10.5,99.9,Collier
2022,030177,03003000,US-41,SR-84/DAVIS BLVD,33500,9,56.9,Collier
2022,034110,03000042,GOODLETTE FRANK RD,AIRPORT PULLING RD,10200,9,56.9,Collier
2022,034585,03518000,GULFSHORE DR,US41/TAMIAMI TRL,5000,9,56.9,Collier
2022,030061,03000049,OIL WELL RD,POPE JOHN PAUL II BL,2300,9.5,56.9,Collier
2022,030111,03010000,SAN MARCO DR/CR 92,CR 29,3200,9.5,56.9,Collier
2022,030029,03080000,1ST ST,IMMOKALEE DR,17400,9,59,Collier
2022,034108,03000036,SANTA BARBARA BLVD,COLLIER BLVD/CR-951,11000,9,56.9,Collier
2022,034523,03530000,RAMP NORTH OF I-75,N/A,39000,9,56.9,Collier
2022,037005,03175034,I-75 NB,I-75 NB,100,10.5,99.9,Collier
2022,034576,03521000,ORANGE BLOSSOM DR,VANDERBILTBCHRDCR862,3500,9,56.9,Collier
2022,035029,03010000,NAPLES PLZ  ENT,BANYAN BLVD,39000,9,54.7,Collier
2022,037021,03175009,I-75/SR-93,PINE RIDGE RD/CR-896,5300,9,99.9,Collier
2022,034113,03000053,ORCHARD LN,US 41/SR 90,6900,9,56.9,Collier
2022,034123,03000066,SR 82,TERMINUS,750,9.5,56.9,Collier
2022,034124,03000523,CR-896/PINE RIDGE RD,VANDERBILT BCH RD,5700,9,56.9,Collier
2022,034137,03070000,COPELAND AVE,US41/TAMIAMI TRAIL,3100,9.5,56.9,Collier
2022,034567,03590000,SR 45/US 41,TURNOUT TO I75 SB,58000,9,56.9,Collier
2022,037003,03175028,SR-29,I-75,650,10.5,99.9,Collier
2022,034034,03530000,DANFORD STREET,BAYSHORE DR,2100,9,56.9,Collier
2022,030005,03010000,SIX L'S FARM RD,SAN MARCO DR/CR 92,5700,9.5,56.9,Collier
2022,030351,03175000,N/A,Bridge No-030196,28521,10.5,53.8,Collier
2022,034531,03000043,COLLIER BLVD/CR 951,GOLDEN GATE BLVD,27500,9,56.9,Collier
2022,034117,03000058,CARSON RD,NEW MARKET RD/CR-29A,4900,9,56.9,Collier
2022,030170,03001000,SANTA BARBARA BLVD,CR 856 / RADIO RD,15300,9,56.9,Collier
2022,030059,03000026,BANYAN BLVD,GULF SHORE BLVD N,2900,9,56.9,Collier
2022,034521,03530000,BAYSHORE DR,US 41/TAMIAMI TRAIL,16600,9,56.9,Collier
2022,037004,03175026,I-75,SR-29,1400,10.5,99.9,Collier
2022,034102,03000008,BROAD AVE S,BANYAN BLVD,3600,9,56.9,Collier
2022,030063,03631105,GOLDEN GATE PKWY,GOODLETTE FRANK RD,5600,9,99.9,Collier
2022,037001,03175027,I-75,SR-29,450,10.5,99.9,Collier
2022,034673,03521000,IMMOKALEE RD/CR 846,LEE CO  LINE,28000,9,56.9,Collier
2022,034129,03020000,SR-29/MAIN ST,HENDRY CO. LN/CR-858,2800,9,56.9,Collier
2022,030173,03175000,BROWARD COUNTY LINE,N/A,27500,10.5,53.5,Collier
2022,034116,03000057,CR 846 IMMOKALEE RD,EVERGLADES BLVD,15500,9,56.9,Collier
2022,030271,03000301,GOLDEN GATE BLVD,12TH AVE NE,2400,9,56.9,Collier
2022,030123,03010000,5TH AVE S,GDLTE FRANK RD/CR851,40000,9,54.7,Collier
2022,034106,03000027,END OF RD/BCH ACCESS,US-41/SR45,5900,9,56.9,Collier
2022,035007,03010000,BANYAN BLVD,5TH AVE S,33000,9,54.7,Collier
2022,030143,03080000,CR 29A,SR 82,19721,9.5,59,Collier
2022,034201,03000064,UNSIGNED,LK TRAFFORD RD/CR890,3500,9,56.9,Collier
2022,034187,03632000,CR-846/IMMOKALEE RD,SR-29,11700,9.5,56.9,Collier
2022,034569,03507000,US-41/TAMIAMI TRL,THE COMMONS,27000,9,56.9,Collier
2022,034030,03000038,GULFSHORE BLVD,US-41/SR-45,15000,9,56.9,Collier
2022,034127,03000601,SCOTT DR,CR 92/SAN MARCO DR,5500,9,56.9,Collier
2022,034530,03000015,US 41/TAMIAMI TR,GOODLETTE-FRANK RD,23000,9,56.9,Collier
2022,034166,03530000,AIRPORT PULLING,N/A,26000,9,56.9,Collier
2022,034605,03511000,LIVINGSTON RD,N/A,52000,9,56.9,Collier
2022,034172,03540000,SR 29,CO. LINE RD,800,9.5,56.9,Collier
2022,034628,03504000,LIVINGSTON RD,N/A,62500,9,56.9,Collier
2022,030104,03040000,CR 29,CR839TURNER RIVER RD,3400,9.5,57,Collier
2022,034575,03521000,PINE RIDGE RD/CR 896,ORANGE BLOSSOM DR,31200,9,56.9,Collier
2022,034532,03030000,SR 90/US 41,VERONA WALK BLVD,36000,9,54.8,Collier
2022,037013,03175007,SR-951 SB,I-75 NB,15000,10.5,99.9,Collier
2022,034100,03000001,HURON CT,SR-951/SAN MARCO RD,10400,9,54.8,Collier
2022,034188,03633000,RATTLESNAKE HAMMOCK,DAVIS BLVD/SR 84,5700,9,56.9,Collier
2022,034139,03501000,LEE CO  LINE,SR 82,6000,9.5,56.9,Collier
2022,030200,03050000,CR850/CORKSCREW RD,SR 29,16300,9.5,59,Collier
2022,034597,03521000,VANDERBILTBCHRDCR862,IMMOKALEE RD/CR 846,29000,9,56.9,Collier
2022,030179,03010000,LEE CO  LN,SHOPPING CENTER ENT,40500,9,54.7,Collier
2022,037012,03175003,I-75 NB TO SR 951 NB,SR 951 NB,2700,9,99.9,Collier
2022,030192,03010000,111TH AVE N/CR 846,VANDER BCH RD/CR 862,55000,9,54.7,Collier
2022,037014,03175005,I-75,SR-951,16500,10.5,99.9,Collier
2022,034111,03000044,BANYAN BLVD,HARBOUR DR,4000,9,56.9,Collier
2022,034902,03000061,CARSON RD,N/A,6900,9,56.9,Collier
2022,030056,03000021,GRAND LELY DR,COLLIER BLVD,4000,9,56.9,Collier
2022,030067,03631102,AIRPORT PULLING RD,GOLDEN GATE PKWY,9700,9,99.9,Collier
2022,037033,03175023,IMMOKALEE RD/CR 846,I-75 NB / SR 93,22000,9,99.9,Collier
2022,030017,03010000,VANDER BCH RD/CR 862,GULF PARK DR,42000,9,54.7,Collier
2022,030184,03080000,SR 82,HENDRY CO. LN,6600,9.5,59,Collier
2022,030052,03515000,GOLDEN GATE BLVD,CR-846/IMMOKALEE RD,6500,9,56.9,Collier
2022,034171,03530001,IBIS CLUB DR,SR 84/DAVIS BLVD,13800,9,56.9,Collier
2022,037036,03175036,CR 886/GOLDEN GATE,I-75 / SR 93 SB,2600,9,99.9,Collier
2022,034155,03519000,GREEN BLVD,VANDERBILT BEACH RD,28500,9,56.9,Collier
2022,034125,03000523,VANDERBILT BCH RD,CR-846/IMMOKALEE RD,7800,9,56.9,Collier
2022,034101,03000007,CRAYTON RD,US-41/SR-45/9TH ST N,2000,9,56.9,Collier
2022,030158,03631000,N/A,CR 896/PINE RIDGE RD,35500,9,56.9,Collier
2022,037037,03175037,I-75 / SR 93 SB,CR 886/GOLDEN GATE,21500,9,99.9,Collier
2022,034157,03527000,CR 858/OIL WELL RD,CR 846/IMMOKALEE RD,2200,9.5,56.9,Collier
2022,030176,03001000,AIRPORT PULLING RD,COUNTY BARN RD,27500,9,56.9,Collier
2022,034655,03530000,GOLDEN GATE BLVD,CR 846,36000,9,56.9,Collier
2022,034534,03505000,COUNTY BARN RD,CR-951/COLLIER BLVD,19000,9,56.9,Collier
2022,030190,03030001,BECK BLVD,ENDS @ RIGHT OF WAY,75000,9,54.8,Collier
2022,034128,03003000,N/A,US-41/SR-45,33500,9,56.9,Collier
2022,034652,03000056,N/A,500'E OF DESOTO BLVD,19900,9,56.9,Collier
2022,030001,03080000,LK TRAFFORD RD,CR 29A,14900,9,59,Collier
2022,030011,03040000,CR 94/LOOP RD,DADE CO LN,3000,9.5,57,Collier
2022,030024,03003000,UNSIGNED,PINE RIDGE RD,39000,9,56.9,Collier
2022,030031,03080000,CR837/WAGON WHEEL RD,Bridge No-030291,1500,9.5,56.9,Collier
2022,034185,03600000,SNOOK ALLEY,BROADWAY,1000,9.5,56.9,Collier
2022,034149,03512000,US41 / TAMIAMI TRL,CR 951/COLLIER BLVD,27500,9,56.9,Collier
2022,035011,03010000,PARK SHORE DR,NAPLES PLZ  ENT,40500,9,54.7,Collier
2022,030191,03175000,Bridge No-030200,Bridge No-030321,89105,9,56.6,Collier
2022,034112,03000046,CR-862/VANDERBILT RD,111TH AVE,4400,9,56.9,Collier
2022,030273,03000302,12TH AVE NE,N/A,3300,9.5,56.9,Collier
2022,030060,03000041,AIRPORT PULLING RD,LIVINGSTON RD,12900,9,56.9,Collier
2022,034526,03504000,N/A,COLLIER BLVD/CR-951,42000,9,56.9,Collier
2022,034103,03000013,GULFSHORE BLVD,9TH ST S /US-41,2900,9,56.9,Collier
2022,034669,03610000,US41/TAMIAMI TRL,GULF HARBOR DR,7500,9,56.9,Collier
2022,034503,03503000,CR896/PINE RIDGE RD,VANDERBILT BCH RD,44000,9,56.9,Collier
2022,034603,03030000,N/A,RATTLESNAKE HAMMOCK,39000,9,54.8,Collier
2022,030035,03003000,PINE RIDGE RD,N/A,52000,9,56.9,Collier
2022,032003,03175000,GOLDEN GT PKWY/CR886,Bridge No-030200,85500,9,54.9,Collier
2022,034114,03000054,GOLDEN GATE BLVD,CR 846/ IMMOKALEE RD,6600,9,56.9,Collier
2022,034119,03000060,CR-901/VANDERBILT DR,BLUEBILL AVE,3800,9,56.9,Collier
2022,030045,03000029,PARK SHORE DR,SEAGATE DR,4500,9,56.9,Collier
2022,030054,03550000,US 41,GOODLETTE-FRANK RD,4400,9,56.9,Collier
2022,030160,03504000,AIRPORT PULLING/CR31,LIVINGSTON RD,56500,9,56.9,Collier
2022,034657,03030000,VERONA WALK BLVD,N/A,37500,9,54.8,Collier
2022,030195,03001000,COUNTY BARN RD,SANTA BARBARA BLVD,26000,9,56.9,Collier
2022,030182,03080000,Bridge No-030291,CR 858 / OIL WELL RD,5100,9.5,59,Collier
2022,034687,03521000,BRIARWOOD BLVD,GOLDENGATEPKWY/CR886,33500,9,56.9,Collier
2022,030157,03030000,Bridge No-030293,SR 90/US 41,38500,9,54.8,Collier
2022,037023,03175015,PINE RIDGE RD/CR-896,I-75 NB,11000,9,99.9,Collier
2022,034121,03000062,IMMOKALEE DR,NEW MARKET RD/CR29 A,8400,9,56.9,Collier
2022,034622,03000055,BRIARWOOD CT,BALD EAGLE DR,7300,9,56.9,Collier
2022,034174,03560000,PEPPER RD,SR-29/15TH ST,9700,9,56.9,Collier
2022,037034,03175021,I-75 SB / SR 93,IMMOKALEE RD/CR 846,21500,9,99.9,Collier
2022,034621,03000055,CR-92/SAN MARCO RD,BRIARWOOD CT,4200,9,56.9,Collier
2022,030003,03010000,SEAGATE DR/CR 896,PARK SHORE DR,42000,9,54.7,Collier
2022,034131,03060000,COLLIER BLVD/SR 951,S BARFIELD DR,10800,9,56.9,Collier
2022,034712,03000039,S COLLIER BLVD,S BARFIELD DR,4300,9,56.9,Collier
2022,034176,03580000,MAIN ST,NEW MARKET RD W,12800,9,59,Collier
2022,034010,03507000,THE COMMONS,GOLDEN GATE PKWY,36500,9,56.9,Collier
2022,030183,03050000,HENDRY CO LN,CR850/CORKSCREW RD,16200,9.5,59,Collier
2023,032000,03175000,Bridge No-030196,GOLDEN GT PKWY/CR886,49500,9,53.6,Collier
2023,030003,03010000,SEAGATE DR/CR 896,PARK SHORE DR,44000,9,56.5,Collier
2023,034503,03503000,CR896/PINE RIDGE RD,VANDERBILT BCH RD,43000,9,56,Collier
2023,037024,03175013,I-75 / SR 93 SB,PINE RIDGE RD/CR 896,13000,9,99.9,Collier
2023,030123,03010000,5TH AVE S,GDLTE FRANK RD/CR851,42000,9,56.5,Collier
2023,034525,03530000,N/A,WHITE BLVD,43000,9,56,Collier
2023,034531,03000056,CR951/COLLIER BLVD,N/A,37500,9,56,Collier
2023,034548,03610000,VANDERBILT DR/CR 901,BONITA BEACH RD SW,9000,9,56,Collier
2023,030056,03000021,GRAND LELY DR,COLLIER BLVD,3700,9,56,Collier
2023,034010,03507000,THE COMMONS,GOLDEN GATE PKWY,35000,9,56,Collier
2023,030006,03080000,SR90/US41/TAMIAMI TR,CR837/WAGON WHEEL RD,2700,9.5,56,Collier
2023,030104,03040000,CR 29,CR839TURNER RIVER RD,3600,9.5,57.1,Collier
2023,030054,03550000,US 41,GOODLETTE-FRANK RD,3200,9,56,Collier
2023,034526,03504000,N/A,COLLIER BLVD/CR-951,45000,9,56,Collier
2023,034200,03000052,NORMANDY DR,US 41/TAMIAMI TRL,1250,9,56,Collier
2023,030029,03080000,1ST ST,IMMOKALEE DR,18900,9,55.8,Collier
2023,035029,03010000,NAPLES PLZ  ENT,BANYAN BLVD,41000,9,56.5,Collier
2023,030201,03000303,N/A,EVERGLADES BLVD,300,9.5,56,Collier
2023,034176,03580000,MAIN ST,NEW MARKET RD W,15600,9,55.8,Collier
2023,035011,03010000,PARK SHORE DR,NAPLES PLZ  ENT,41500,9,56.5,Collier
2023,034127,03000601,SCOTT DR,CR 92/SAN MARCO DR,6200,9,56,Collier
2023,034576,03521000,ORANGE BLOSSOM DR,VANDERBILTBCHRDCR862,39500,9,56,Collier
2023,037007,03175032,C/L OF 03175030,C/L OF 03175031,150,10.5,53.1,Collier
2023,034108,03000036,SANTA BARBARA BLVD,COLLIER BLVD/CR-951,12600,9,56,Collier
2023,030182,03080000,Bridge No-030291,CR 858 / OIL WELL RD,7000,9.5,55.8,Collier
2023,030018,03010000,SHOPPING CENTER ENT,111TH AVE N/CR 846,63000,9,56.5,Collier
2023,034117,03000058,CARSON RD,NEW MARKET RD/CR-29A,5600,9,56,Collier
2023,034597,03521000,VANDERBILTBCHRDCR862,IMMOKALEE RD/CR 846,31500,9,56,Collier
2023,034124,03000523,CR-896/PINE RIDGE RD,VANDERBILT BCH RD,6800,9,56,Collier
2023,034516,03505000,US-41/SR-90,COUNTY BARN RD,21500,9,56,Collier
2023,034030,03000038,GULFSHORE BLVD,US-41/SR-45,12500,9,56,Collier
2023,034149,03512000,US41 / TAMIAMI TRL,CR 951/COLLIER BLVD,29500,9,56,Collier
2023,030058,03000025,RATTLESNAKE HAMMOCK,DAVIS BLVD,20500,9,56,Collier
2023,030191,03175000,Bridge No-030200,Bridge No-030321,90376,9,54.7,Collier
2023,034128,03003000,N/A,US-41/SR-45,36500,9,56,Collier
2023,034670,03610000,GULF HARBOR DR,VANDERBILT DR/CR 901,4700,9,56,Collier
2023,034118,03000059,LAKE TRAFFORD/CR890,WESTCLOX ST,6000,9,56,Collier
2023,034166,03530000,AIRPORT PULLING,N/A,28000,9,56,Collier
2023,034110,03000042,GOODLETTE FRANK RD,AIRPORT PULLING RD,11500,9,56,Collier
2023,037039,03175039,CR 886/GOLDEN GATE,RAMP# 03175038,8600,9,99.9,Collier
2023,037011,03175001,SR-951,I-75/SR-93 SB,2400,9,99.9,Collier
2023,030011,03040000,CR 94/LOOP RD,DADE CO LN,3200,9.5,57.1,Collier
2023,034585,03518000,GULFSHORE DR,US41/TAMIAMI TRL,4200,9,56,Collier
2023,037012,03175003,I-75 NB TO SR 951 NB,SR 951 NB,2800,9,99.9,Collier
2023,030157,03030000,Bridge No-030293,SR 90/US 41,41000,9,56.5,Collier
2023,034902,03000061,CARSON RD,N/A,8700,9,56,Collier
2023,035629,03516000,GULF SHORE BLVD,US-41,4600,9,56,Collier
2023,034531,03000043,COLLIER BLVD/CR 951,GOLDEN GATE BLVD,37500,9,56,Collier
2023,034534,03505000,COUNTY BARN RD,N/A,18700,9,56,Collier
2023,030190,03030001,BECK BLVD,ENDS @ RIGHT OF WAY,67500,9,56.5,Collier
2023,034121,03000062,IMMOKALEE DR,NEW MARKET RD/CR29 A,9300,9,56,Collier
2023,034171,03530001,IBIS CLUB DR,SR 84/DAVIS BLVD,15700,9,56,Collier
2023,030050,03515000,52ND AVE SE,GOLDEN GATE BLVD,9800,9,56,Collier
2023,030061,03000049,OIL WELL RD,POPE JOHN PAUL II BL,2500,9.5,56,Collier
2023,034510,03511000,N/A,CR 951/COLLIER BLVD,23500,9,56,Collier
2023,034113,03000053,ORCHARD LN,US 41/SR 90,9500,9,56,Collier
2023,037032,03175017,IMMOKALEE RD/CR 846,I-75 SB/ SR 93,10500,9,99.9,Collier
2023,030124,03010000,GDLTE FRANK RD/CR851,DAVIS BLVD/ SR 84,57500,9,56.5,Collier
2023,030177,03003000,US-41,SR-84/DAVIS BLVD,34000,9,56,Collier
2023,034157,03527000,CR 858/OIL WELL RD,CR 846/IMMOKALEE RD,2800,9.5,56,Collier
2023,034529,03513000,GOLDEN GATE PKWY,GREEN BLVD,29000,9,56,Collier
2023,034712,03000039,S COLLIER BLVD,S BARFIELD DR,4100,9,56,Collier
2023,037014,03175005,I-75,SR-951,16500,10.5,99.9,Collier
2023,030017,03010000,VANDER BCH RD/CR 862,GULF PARK DR,43500,9,56.5,Collier
2023,030001,03080000,LK TRAFFORD RD,CR 29A,16400,9,55.8,Collier
2023,030179,03010000,LEE CO  LN,SHOPPING CENTER ENT,41500,9,56.5,Collier
2023,030063,03631105,GOLDEN GATE PKWY,GOODLETTE FRANK RD,6500,9,99.9,Collier
2023,030023,03003000,NORTH RD,UNSIGNED,51500,9,56,Collier
2023,034524,03550000,VANDERBILT BCH RD,US 41,11900,9,56,Collier
2023,037006,03175033,I-75 SB,I-75 SB,250,10.5,99.9,Collier
2023,034101,03000007,CRAYTON RD,US-41/SR-45/9TH ST N,1700,9,56,Collier
2023,030351,03175000,N/A,Bridge No-030196,29848,10.5,53.7,Collier
2023,030111,03010000,SAN MARCO DR/CR 92,CR 29,3700,9.5,56,Collier
2023,030158,03631000,N/A,CR 896/PINE RIDGE RD,34000,9,56,Collier
2023,030195,03001000,COUNTY BARN RD,SANTA BARBARA BLVD,28000,9,56,Collier
2023,034669,03610000,US41/TAMIAMI TRL,GULF HARBOR DR,7100,9,56,Collier
2023,034537,03000040,SR-84/DAVIS BLVD,CR-856/RADIO RD,38500,9,56,Collier
2023,030170,03001000,SANTA BARBARA BLVD,CR 856 / RADIO RD,16500,9,56,Collier
2023,034523,03530000,RAMP NORTH OF I-75,N/A,42000,9,56,Collier
2023,030273,03000302,12TH AVE NE,N/A,3500,9.5,56,Collier
2023,034605,03511000,LIVINGSTON RD,N/A,57000,9,56,Collier
2023,030059,03000026,BANYAN BLVD,GULF SHORE BLVD N,3200,9,56,Collier
2023,030173,03175000,BROWARD COUNTY LINE,N/A,26000,10.5,53.1,Collier
2023,030094,03010000,PETERS AVE,THOMASSON DR,43255,9,56.5,Collier
2023,030062,03000524,VANDERBILT BEACH RD,AZALEA DR,14300,9,56,Collier
2023,037001,03175027,I-75,SR-29,700,10.5,99.9,Collier
2023,034621,03000055,CR-92/SAN MARCO RD,BRIARWOOD CT,3400,9,56,Collier
2023,030200,03050000,CR850/CORKSCREW RD,SR 29,17900,9.5,55.8,Collier
2023,034657,03030000,VERONA WALK BLVD,N/A,41500,9,56.5,Collier
2023,034148,03510100,PELICAN EAST,SR 951/COLLIER BLVD,3600,9,56,Collier
2023,032003,03175000,GOLDEN GT PKWY/CR886,Bridge No-030200,83000,9,53.6,Collier
2023,030015,03010000,THOMASSON DR,TREETOPS DR,47000,9,56.5,Collier
2023,034176,03580000,NEW MARKET RD W,SR 29/N 15TH ST,7800,9,99.9,Collier
2023,034139,03501000,LEE CO  LINE,SR 82,6800,9.5,56,Collier
2023,034522,03000052,BAYSHORE DR,ORCHARD LN,9200,9,56,Collier
2023,030205,03080000,CR 858 / OIL WELL RD,NEW HARVEST RD,8800,9,55.8,Collier
2023,034129,03020000,SR-29/MAIN ST,HENDRY CO. LN/CR-858,3000,9,56,Collier
2023,030067,03631102,AIRPORT PULLING RD,GOLDEN GATE PKWY,10500,9,99.9,Collier
2023,030035,03003000,PINE RIDGE RD,N/A,52000,9,56,Collier
2023,034172,03540000,SR 29,CO. LINE RD,900,9.5,56,Collier
2023,034528,03513000,RADIO RD/CR 856,GOLDEN GATE PKWY,50500,9,56,Collier
2023,030271,03000301,GOLDEN GATE BLVD,12TH AVE NE,2600,9,56,Collier
2023,034165,03528000,COLLIER/MONROE CO LN,US 41/TAMIAMI TRAIL,80,9.5,56,Collier
2023,037002,03175025,SR-29,I-75,2600,10.5,99.9,Collier
2023,030060,03000041,AIRPORT PULLING RD,LIVINGSTON RD,11900,9,56,Collier
2023,030002,03080000,NEW HARVEST RD,1ST ST,9800,9,55.8,Collier
2023,035001,03010000,DAVIS BLVD/ SR 84,PETERS AVE,36000,9,56.5,Collier
2023,034122,03000063,SR 29 (W MAIN ST),IMMOKALEE DR,12100,9,56,Collier
2023,034655,03530000,GOLDEN GATE BLVD,CR 846,43000,9,56,Collier
2023,037038,03175038,CR 886/GOLDEN GATE,I-75 / SR 93 NB,12000,9,99.9,Collier
2023,034900,03000018,US 41 TAMIAMI TRAIL,CR-864/RATLSNAK HAMM,9400,9,56,Collier
2023,037033,03175023,IMMOKALEE RD/CR 846,I-75 NB / SR 93,19500,9,99.9,Collier
2023,030045,03000029,PARK SHORE DR,SEAGATE DR,4900,9,56,Collier
2023,037013,03175007,SR-951 SB,I-75 NB,14500,10.5,99.9,Collier
2023,030005,03010000,SIX L'S FARM RD,SAN MARCO DR/CR 92,6100,9.5,56,Collier
2023,030064,03631101,GOLDEN GATE PKWY,AIRPORT PULLING RD,10500,9,99.9,Collier
2023,034125,03000523,VANDERBILT BCH RD,CR-846/IMMOKALEE RD,9100,9,56,Collier
2023,034155,03519000,GREEN BLVD,VANDERBILT BEACH RD,33500,9,56,Collier
2023,034116,03000057,CR 846 IMMOKALEE RD,EVERGLADES BLVD,18800,9,56,Collier
2023,030160,03504000,AIRPORT PULLING/CR31,LIVINGSTON RD,58500,9,56,Collier
2023,034188,03633000,RATTLESNAKE HAMMOCK,DAVIS BLVD/SR 84,5100,9,56,Collier
2023,037034,03175021,I-75 SB / SR 93,IMMOKALEE RD/CR 846,20500,9,99.9,Collier
2023,034601,03030000,N/A,BECK BLVD,58000,9,56.5,Collier
2023,034690,03521000,GOLDENGATEPKWY/CR886,PINE RIDGE RD/CR 896,29000,9,56,Collier
2023,030052,03515000,GOLDEN GATE BLVD,CR-846/IMMOKALEE RD,11700,9,56,Collier
2023,034199,03000007,GULF SHORE BLVD,CRAYTON RD,2400,9,56,Collier
2023,034532,03030000,SR 90/US 41,VERONA WALK BLVD,42000,9,56.5,Collier
2023,030272,03000302,GOLDEN GATE BLVD,12TH AVE NE,200,9,56,Collier
2023,034185,03600000,SNOOK ALLEY,BROADWAY,1300,9.5,56,Collier
2023,034102,03000008,BROAD AVE S,BANYAN BLVD,2900,9,56,Collier
2023,037035,03175035,I-75 / SR 93 NB,CR 886/GOLDEN GATE,2400,9,99.9,Collier
2023,037031,03175019,I-75 NB / SR 93,IMMOKALEE RD/CR 846,10500,9,99.9,Collier
2023,030176,03001000,AIRPORT PULLING RD,COUNTY BARN RD,26000,9,56,Collier
2023,034521,03530000,BAYSHORE DR,US 41/TAMIAMI TRAIL,16700,9,56,Collier
2023,037004,03175026,I-75,SR-29,2200,10.5,99.9,Collier
2023,034103,03000013,GULFSHORE BLVD,9TH ST S /US-41,3200,9,56,Collier
2023,030048,03060000,S BARFIELD DR,US 41/TAMIAMI TRL,3000,9,56,Collier
2023,030192,03010000,111TH AVE N/CR 846,VANDER BCH RD/CR 862,57000,9,56.5,Collier
2023,034187,03632000,CR-846/IMMOKALEE RD,SR-29,13700,9.5,56,Collier
2023,030184,03080000,SR 82,HENDRY CO. LN,7200,9.5,55.8,Collier
2023,034100,03000001,HURON CT,SR-951/SAN MARCO RD,8400,9,56.5,Collier
2023,034603,03030000,N/A,RATTLESNAKE HAMMOCK,45500,9,56.5,Collier
2023,030066,03631104,GOLDEN GATE PKWY,AIRPORT PULLING RD,7800,9,99.9,Collier
2023,034126,03000529,CORKSCREW RD,CR 850/WILDCAT DR,6800,9.5,56,Collier
2023,034174,03560000,PEPPER RD,SR-29/15TH ST,9200,9,56,Collier
2023,034152,03514000,US-41/SR-45,CHANNEL THIRTY DR,17000,9,56,Collier
2023,034530,03000015,US 41/TAMIAMI TR,GOODLETTE-FRANK RD,24000,9,56,Collier
2023,030178,03001000,US 41/SR 90,AIRPORT PULLING RD,26000,9,56,Collier
2023,034673,03521000,IMMOKALEE RD/CR 846,LEE CO  LINE,36000,9,56,Collier
2023,034119,03000060,CR-901/VANDERBILT DR,BLUEBILL AVE,3000,9,56,Collier
2023,034652,03000056,N/A,500'E OF DESOTO BLVD,33000,9,56,Collier
2023,034578,03550000,CR888/WIGGINS PASSRD,BLUEBILL AVE,7100,9,56,Collier
2023,034569,03507000,US-41/TAMIAMI TRL,THE COMMONS,31000,9,56,Collier
2023,030022,03000010,TERMINAL DR,AIRPORT PULLING RD,2500,9,56,Collier
2023,030031,03080000,CR837/WAGON WHEEL RD,Bridge No-030291,1600,9.5,56,Collier
2023,030183,03050000,HENDRY CO LN,CR850/CORKSCREW RD,17800,9.5,55.8,Collier
2023,034507,03631000,BEARS PAW TR,N/A,57500,9,56,Collier
2023,034201,03000064,UNSIGNED,LK TRAFFORD RD/CR890,4000,9,56,Collier
2023,034687,03521000,BRIARWOOD BLVD,GOLDENGATEPKWY/CR886,40500,9,56,Collier
2023,034104,03000020,CR-896/PINE RIDGE RD,CR-846/IMMOKALEE RD,24000,9,56,Collier
2023,037037,03175037,I-75 / SR 93 SB,CR 886/GOLDEN GATE,21000,9,99.9,Collier
2023,034186,03631100,BEARS PAW TRL,CR 881 LIVINGSTON RD,49500,9,56,Collier
2023,037003,03175028,SR-29,I-75,1300,10.5,99.9,Collier
2023,034901,03000019,PINE RIDGE ROAD,AIRPORT ROAD,15200,9,56,Collier
2023,037023,03175015,PINE RIDGE RD/CR-896,I-75 NB,12500,9,99.9,Collier
2023,030012,03010000,GULF PARK DR,SEAGATE DR/CR 896,49000,9,56.5,Collier
2023,030024,03003000,UNSIGNED,PINE RIDGE RD,42000,9,56,Collier
2023,034203,03590000,TURNOUT TO I75 SB,MAIN ST/SR 29,10700,9.5,56,Collier
2023,034106,03000027,END OF RD/BCH ACCESS,US-41/SR45,6300,9,56,Collier
2023,030038,03080000,IMMOKALEE DR,LK TRAFFORD RD,17800,9,55.8,Collier
2023,034602,03030000,RATTLESNAKE HAMMOCK,N/A,47500,9,56.5,Collier
2023,030193,03001000,CR 856 / RADIO RD,CR 951/COLLIER BLVD,28000,9,56,Collier
2023,034536,03530000,WHITE BLVD,GOLDEN GATE BLVD,52000,9,56,Collier
2023,039950,03175000,Bridge No-030321,LEE COUNTY LINE,111849,9,52.4,Collier
2023,030189,03030000,CR 92/SAN MARCO RD,Bridge No-030293,15300,9,56.5,Collier
2023,034567,03590000,SR 45/US 41,TURNOUT TO I75 SB,59000,9,56,Collier
2023,034628,03504000,LIVINGSTON RD,N/A,67500,9,56,Collier
2023,030044,03000029,HARBOR DR,PARK SHORE DR,3000,9,56,Collier
2023,034131,03060000,COLLIER BLVD/SR 951,S BARFIELD DR,4500,9,56,Collier
2023,030194,03010000,SR 951,SIX L'S FARM RD,24500,9,56,Collier
2023,032354,03634001,GULF SHORE BLVD,US-41/SR-45,6600,9,56,Collier
2023,030175,03003000,SR-84/DAVIS BLVD,NORTH RD,51500,9,56,Collier
2023,034575,03521000,PINE RIDGE RD/CR 896,ORANGE BLOSSOM DR,32500,9,56,Collier
2023,034034,03000030,.362 S OF HARBOUR DR,.625 N OF PARK SHORE,2000,9,56,Collier
2023,037022,03175011,PINE RIDGE RD/CR-896,I-75/SR-93,7600,9,99.9,Collier
2023,034144,03510000,SAN MARCO RD,END OF ROUNDABOUT,13000,9,56,Collier
2023,034112,03000046,CR-862/VANDERBILT RD,111TH AVE,4800,9,56,Collier
2023,034137,03070000,COPELAND AVE,US41/TAMIAMI TRAIL,2400,9.5,56,Collier
2023,035007,03010000,BANYAN BLVD,5TH AVE S,36000,9,56.5,Collier
2023,030065,03631103,AIRPORT PULLING RD,GOLDEN GATE PKWY,9100,9,99.9,Collier
2023,030201,03000303,20TH ST NE,N/A,300,9.5,56,Collier
2023,034034,03530000,DANFORD STREET,BAYSHORE DR,2000,9,56,Collier
2023,034659,03503000,VANDERBILT BCH RD,CR 846/NAPLES-IMMOKA,29500,9,56,Collier
2023,034111,03000044,BANYAN BLVD,HARBOUR DR,2800,9,56,Collier
2023,030143,03080000,CR 29A,SR 82,22092,9.5,54.4,Collier
2023,030270,03040000,CR839TURNER RIVER RD,CR 94/LOOP RD,3638,9.5,57.1,Collier
2023,030014,03010000,TREETOPS DR,SR 951,38000,9,56.5,Collier
2023,034123,03000066,SR 82,TERMINUS,850,9.5,56,Collier
2023,034686,03521000,CR856/RADIO RD,BRIARWOOD BLVD,27500,9,56,Collier
2023,034622,03000055,BRIARWOOD CT,BALD EAGLE DR,8600,9,56,Collier
2023,037036,03175036,CR 886/GOLDEN GATE,I-75 / SR 93 SB,2500,9,99.9,Collier
2023,030057,03000022,COLLIER BLVD,LELY RESORT BLVD,6600,9,56,Collier
2023,037005,03175034,I-75 NB,I-75 NB,150,10.5,99.9,Collier
2023,034114,03000054,GOLDEN GATE BLVD,CR 846/ IMMOKALEE RD,8500,9,56,Collier
2023,037021,03175009,I-75/SR-93,PINE RIDGE RD/CR-896,6000,9,99.9,Collier
2024,034578,03550000,CR888/WIGGINS PASSRD,BLUEBILL AVE,7300,9,57.4,Collier
2024,037036,03175036,CR 886/GOLDEN GATE,I-75 / SR 93 SB,2600,9,99.9,Collier
2024,034166,03530001,IBIS CLUB DR,SR 84/DAVIS BLVD,29000,9,57.4,Collier
2024,034149,03512000,US41 / TAMIAMI TRL,N/A,30500,9,57.4,Collier
2024,037023,03175015,PINE RIDGE RD/CR-896,I-75 NB,13000,9,99.9,Collier
2024,030006,03080000,SR90/US41/TAMIAMI TR,Bridge No-030291,2800,9.5,57.4,Collier
2024,034669,03610000,US41/TAMIAMI TRL,GULF HARBOR DR,7300,9,57.4,Collier
2024,034628,03504000,LIVINGSTON RD,N/A,69500,9,57.4,Collier
2024,034687,03521000,BRIARWOOD BLVD,GOLDENGATEPKWY/CR886,42000,9,57.4,Collier
2024,037022,03175011,PINE RIDGE RD/CR-896,I-75/SR-93,7900,9,99.9,Collier
2024,030182,03080000,Bridge No-030291,CR 858 / OIL WELL RD,8200,9.5,57.4,Collier
2024,034187,03632000,CR-846/IMMOKALEE RD,SR-29,14200,9.5,57.4,Collier
2024,030065,03631103,AIRPORT PULLING RD,GOLDEN GATE PKWY,9400,9,99.9,Collier
2024,034144,03510000,SAN MARCO RD,END OF ROUNDABOUT,13400,9,57.4,Collier
2024,034528,03513000,RADIO RD/CR 856,GOLDEN GATE PKWY,52500,9,57.4,Collier
2024,030205,03080000,CR 858 / OIL WELL RD,NEW HARVEST RD,9300,9,57.4,Collier
2024,034112,03000046,CR-862/VANDERBILT RD,111TH AVE,5000,9,57.4,Collier
2024,030001,03080000,LK TRAFFORD RD,CR 29A,12400,9,57.4,Collier
2024,034174,03560000,PEPPER RD,SR-29/15TH ST,9600,9,57.4,Collier
2024,037038,03175038,CR 886/GOLDEN GATE,I-75 / SR 93 NB,12500,9,99.9,Collier
2024,034605,03511000,LIVINGSTON RD,Bridge No-030199,59000,9,57.4,Collier
2024,037001,03175027,I-75,SR-29,750,10.5,99.9,Collier
2024,034523,03530000,RAMP NORTH OF I-75,N/A,41500,9,57.4,Collier
2024,034148,03510100,PELICAN EAST,SR 951/COLLIER BLVD,3800,9,57.4,Collier
2024,037002,03175025,SR-29,I-75,2700,10.5,99.9,Collier
2024,034165,03528000,COLLIER/MONROE CO LN,US 41/TAMIAMI TRAIL,80,9.5,57.4,Collier
2024,039950,03175000,Bridge No-030321,LEE COUNTY LINE,115657,9,52.4,Collier
2024,030011,03040000,CR 94/LOOP RD,DADE CO LN,3400,9.5,58.8,Collier
2024,034507,03631000,BEARS PAW TR,N/A,59500,9,57.4,Collier
2024,037003,03175028,SR-29,I-75,1300,10.5,99.9,Collier
2024,030104,03040000,CR 29,CR839TURNER RIVER RD,3800,9.5,58.8,Collier
2024,034188,03633000,RATTLESNAKE HAMMOCK,DAVIS BLVD/SR 84,5300,9,57.4,Collier
2024,034176,03580000,MAIN ST,NEW MARKET RD W,16600,9,57.4,Collier
2024,034139,03501000,LEE CO  LINE,SR 82,7000,9.5,57.4,Collier
2024,034673,03521000,IMMOKALEE RD/CR 846,LEE CO  LINE,37000,9,57.4,Collier
2024,037004,03175026,I-75,SR-29,2300,10.5,99.9,Collier
2024,034602,03030000,RATTLESNAKE HAMMOCK,N/A,47500,9,57.3,Collier
2024,034166,03530000,AIRPORT PULLING,N/A,29000,9,57.4,Collier
2024,034531,03000043,COLLIER BLVD/CR 951,GOLDEN GATE BLVD,38500,9,57.4,Collier
2024,034155,03519000,GREEN BLVD,VANDERBILT BEACH RD,34500,9,57.4,Collier
2024,030158,03631000,N/A,CR 896/PINE RIDGE RD,35000,9,57.4,Collier
2024,037039,03175039,CR 886/GOLDEN GATE,RAMP# 03175038,8900,9,99.9,Collier
2024,034575,03521000,PINE RIDGE RD/CR 896,ORANGE BLOSSOM DR,33500,9,57.4,Collier
2024,037011,03175001,SR-951,I-75/SR-93 SB,2500,9,99.9,Collier
2024,030183,03050000,HENDRY CO LN,CR850/CORKSCREW RD,18800,9.5,57.4,Collier
2024,034524,03550000,VANDERBILT BCH RD,US 41,12300,9,57.4,Collier
2024,037005,03175034,I-75 NB,I-75 NB,150,10.5,99.9,Collier
2024,034510,03511000,N/A,CR 951/COLLIER BLVD,24500,9,57.4,Collier
2024,030200,03050000,CR850/CORKSCREW RD,SR 29,18900,9.5,57.4,Collier
2024,034655,03530000,GOLDEN GATE BLVD,CR 846,44500,9,57.4,Collier
2024,030184,03080000,SR 82,HENDRY CO. LN,7400,9.5,57.4,Collier
2024,034686,03521000,CR856/RADIO RD,BRIARWOOD BLVD,28500,9,57.4,Collier
2024,034203,03590000,TURNOUT TO I75 SB,MAIN ST/SR 29,11100,9.5,57.4,Collier
2024,037012,03175003,I-75 NB TO SR 951 NB,SR 951 NB,2900,9,99.9,Collier
2024,030029,03080000,1ST ST,IMMOKALEE DR,19900,9,57.4,Collier
2024,034172,03540000,SR 29,CO. LINE RD,900,9.5,57.4,Collier
2024,034503,03503000,CR896/PINE RIDGE RD,VANDERBILT BCH RD,45000,9,57.4,Collier
2024,034690,03521000,GOLDENGATEPKWY/CR886,PINE RIDGE RD/CR 896,30000,9,57.4,Collier
2024,037031,03175019,I-75 NB / SR 93,IMMOKALEE RD/CR 846,11000,9,99.9,Collier
2024,034131,03060000,COLLIER BLVD/SR 951,S BARFIELD DR,4700,9,57.4,Collier
2024,030191,03175000,Bridge No-030200,Bridge No-030321,98123,9,54.7,Collier
2024,034601,03030000,N/A,BECK BLVD,57500,9,57.3,Collier
2024,034521,03530000,BAYSHORE DR,US 41/TAMIAMI TRAIL,17300,9,57.4,Collier
2024,034569,03507000,US-41/TAMIAMI TRL,THE COMMONS,32000,9,57.4,Collier
2024,037014,03175005,I-75,SR-951,17000,10.5,99.9,Collier
2024,034536,03530000,WHITE BLVD,GOLDEN GATE BLVD,54000,9,57.4,Collier
2024,037013,03175007,SR-951 SB,I-75 NB,15000,10.5,99.9,Collier
2024,030061,03527000,N/A,CR 846/IMMOKALEE RD,2500,9.5,57.4,Collier
2024,034516,03505000,US-41/SR-90,COUNTY BARN RD,22500,9,57.4,Collier
2024,034529,03513000,GOLDEN GATE PKWY,GREEN BLVD,30000,9,57.4,Collier
2024,037035,03175035,I-75 / SR 93 NB,CR 886/GOLDEN GATE,2500,9,99.9,Collier
2024,034585,03518000,GULFSHORE DR,US41/TAMIAMI TRL,4400,9,57.4,Collier
2024,037006,03175033,I-75 SB,I-75 SB,250,10.5,99.9,Collier
2024,034111,03000044,BANYAN BLVD,HARBOUR DR,2900,9,57.4,Collier
2024,030066,03631104,GOLDEN GATE PKWY,AIRPORT PULLING RD,8100,9,99.9,Collier
2024,035629,03516000,GULF SHORE BLVD,US-41,4800,9,57.4,Collier
2024,037032,03175017,IMMOKALEE RD/CR 846,I-75 SB/ SR 93,11000,9,99.9,Collier
2024,030002,03080000,NEW HARVEST RD,1ST ST,10400,9,57.4,Collier
2024,030067,03631102,AIRPORT PULLING RD,GOLDEN GATE PKWY,11000,9,99.9,Collier
2024,034010,03507000,THE COMMONS,GOLDEN GATE PKWY,36000,9,57.4,Collier
2024,034548,03610000,VANDERBILT DR/CR 901,BONITA BEACH RD SW,9400,9,57.4,Collier
2024,030143,03080000,CR 29A,SR 82,22930,9.5,56,Collier
2024,034603,03030000,N/A,RATTLESNAKE HAMMOCK,45500,9,57.3,Collier
2024,030054,03550000,US 41,GOODLETTE-FRANK RD,3300,9,57.4,Collier
2024,034526,03504000,N/A,COLLIER BLVD/CR-951,47000,9,57.4,Collier
2024,037037,03175037,I-75 / SR 93 SB,CR 886/GOLDEN GATE,21500,9,99.9,Collier
2024,034597,03521000,VANDERBILTBCHRDCR862,IMMOKALEE RD/CR 846,32500,9,57.4,Collier
2024,037021,03175009,I-75/SR-93,PINE RIDGE RD/CR-896,6200,9,99.9,Collier
2024,034137,03070000,COPELAND AVE,US41/TAMIAMI TRAIL,2400,9.5,57.4,Collier
2024,034185,03600000,SNOOK ALLEY,BROADWAY,1300,9.5,57.4,Collier
2024,034110,03000042,GOODLETTE FRANK RD,AIRPORT PULLING RD,11900,9,57.4,Collier
2024,030048,03060000,S BARFIELD DR,US 41/TAMIAMI TRL,3200,9,57.4,Collier
2024,034186,03631100,BEARS PAW TRL,CR 881 LIVINGSTON RD,51500,9,57.4,Collier
2024,034157,03527000,CR 858/OIL WELL RD,N/A,2800,9.5,57.4,Collier
2024,032000,03175000,Bridge No-030196,GOLDEN GT PKWY/CR886,52500,9,57.1,Collier
2024,034532,03030000,SR 90/US 41,VERONA WALK BLVD,42000,9,57.3,Collier
2024,034567,03590000,SR 45/US 41,TURNOUT TO I75 SB,61000,9,57.4,Collier
2024,034152,03514000,US-41/SR-45,CHANNEL THIRTY DR,17600,9,57.4,Collier
2024,030351,03175000,N/A,Bridge No-030196,30214,10.5,54.1,Collier
2024,037007,03175032,C/L OF 03175030,C/L OF 03175031,150,10.5,54.1,Collier
2024,030038,03080000,IMMOKALEE DR,LK TRAFFORD RD,18700,9,57.4,Collier
2024,030064,03631101,GOLDEN GATE PKWY,AIRPORT PULLING RD,11000,9,99.9,Collier
2024,034659,03503000,VANDERBILT BCH RD,CR 846/NAPLES-IMMOKA,30500,9,57.4,Collier
2024,034576,03521000,ORANGE BLOSSOM DR,VANDERBILTBCHRDCR862,40500,9,57.4,Collier
2024,037034,03175021,I-75 SB / SR 93,IMMOKALEE RD/CR 846,21000,9,99.9,Collier
2024,034034,03530000,DANFORD STREET,BAYSHORE DR,2000,9,57.4,Collier
2024,032354,03634001,GULF SHORE BLVD,US-41/SR-45,6800,9,57.4,Collier
2024,034670,03610000,GULF HARBOR DR,VANDERBILT DR/CR 901,4900,9,57.4,Collier
2024,034534,03505000,COUNTY BARN RD,AZURE ENT,19300,9,57.4,Collier
2024,030052,03515000,GOLDEN GATE BLVD,CR-846/IMMOKALEE RD,12100,9,57.4,Collier
2024,032003,03175000,GOLDEN GT PKWY/CR886,Bridge No-030200,57000,9,57.1,Collier
2024,030190,03030001,BECK BLVD,ENDS @ RIGHT OF WAY,66500,9,57.3,Collier
2024,034176,03580000,NEW MARKET RD W,SR 29/N 15TH ST,8300,9,99.9,Collier
2024,037033,03175023,IMMOKALEE RD/CR 846,I-75 NB / SR 93,20000,9,99.9,Collier
2024,030270,03040000,CR839TURNER RIVER RD,CR 94/LOOP RD,3673,9.5,58.8,Collier
2024,030160,03504000,AIRPORT PULLING/CR31,LIVINGSTON RD,60500,9,57.4,Collier
2024,030050,03515000,52ND AVE SE,GOLDEN GATE BLVD,10200,9,57.4,Collier
2024,030173,03175000,BROWARD COUNTY LINE,N/A,26500,10.5,54.1,Collier
2024,034657,03030000,VERONA WALK BLVD,N/A,41500,9,57.3,Collier
2024,030063,03631105,GOLDEN GATE PKWY,GOODLETTE FRANK RD,6700,9,99.9,Collier
2024,037024,03175013,I-75 / SR 93 SB,PINE RIDGE RD/CR 896,13500,9,99.9,Collier
2024,034525,03530000,N/A,WHITE BLVD,44500,9,57.4,Collier
2024,030023,03003000,NORTH RD,UNSIGNED,53500,9,57.4,Collier
2024,030061,03000049,OIL WELL RD,POPE JOHN PAUL II BL,2500,9.5,57.4,Collier
2024,035001,03010000,DAVIS BLVD/ SR 84,PETERS AVE,35500,9,57.3,Collier
2024,035011,03010000,PARK SHORE DR,NAPLES PLZ  ENT,41500,9,57.3,Collier
2024,034652,03000056,N/A,500'E OF DESOTO BLVD,34000,9,57.4,Collier
2024,030022,03000010,TERMINAL DR,AIRPORT PULLING RD,2300,9,57.4,Collier
2024,034128,03003000,N/A,US-41/SR-45,37500,9,57.4,Collier
2024,034119,03000060,CR-901/VANDERBILT DR,BLUEBILL AVE,3200,9,57.4,Collier
2024,034902,03000061,CARSON RD,N/A,9100,9,57.4,Collier
2024,034537,03000040,SR-84/DAVIS BLVD,CR-856/RADIO RD,39500,9,57.4,Collier
2024,030189,03030000,CR 92/SAN MARCO RD,Bridge No-030293,15100,9,57.3,Collier
2024,034102,03000008,BROAD AVE S,BANYAN BLVD,3000,9,57.4,Collier
2024,030179,03010000,LEE CO  LN,SHOPPING CENTER ENT,41500,9,57.3,Collier
2024,034030,03000038,GULFSHORE BLVD,US-41/SR-45,12900,9,57.4,Collier
2024,034125,03000523,VANDERBILT BCH RD,CR-846/IMMOKALEE RD,9500,9,57.4,Collier
2024,030178,03001000,US 41/SR 90,AIRPORT PULLING RD,27000,9,57.4,Collier
2024,030094,03010000,PETERS AVE,THOMASSON DR,43163,9,57.3,Collier
2024,034124,03000523,CR-896/PINE RIDGE RD,VANDERBILT BCH RD,7000,9,57.4,Collier
2024,030058,03000025,RATTLESNAKE HAMMOCK,DAVIS BLVD,21500,9,57.4,Collier
2024,030124,03010000,GDLTE FRANK RD/CR851,DAVIS BLVD/ SR 84,56500,9,57.3,Collier
2024,030201,03000303,20TH ST NE,N/A,300,9.5,57.4,Collier
2024,034100,03000001,HURON CT,SR-951/SAN MARCO RD,8400,9,57.3,Collier
2024,030123,03010000,5TH AVE S,GDLTE FRANK RD/CR851,42000,9,57.3,Collier
2024,030059,03000026,BANYAN BLVD,GULF SHORE BLVD N,3400,9,57.4,Collier
2024,030177,03003000,US-41,SR-84/DAVIS BLVD,35000,9,57.4,Collier
2024,034127,03000601,SCOTT DR,CR 92/SAN MARCO DR,6400,9,57.4,Collier
2024,030157,03030000,Bridge No-030293,SR 90/US 41,41000,9,57.3,Collier
2024,030057,03000022,COLLIER BLVD,LELY RESORT BLVD,6800,9,57.4,Collier
2024,034531,03000056,CR951/COLLIER BLVD,N/A,38500,9,57.4,Collier
2024,030024,03003000,UNSIGNED,PINE RIDGE RD,40500,9,57.4,Collier
2024,030271,03000301,GOLDEN GATE BLVD,12TH AVE NE,2800,9,57.4,Collier
2024,034103,03000013,GULFSHORE BLVD,9TH ST S /US-41,3400,9,57.4,Collier
2024,030193,03001000,CR 856 / RADIO RD,CR 951/COLLIER BLVD,29000,9,57.4,Collier
2024,030192,03010000,111TH AVE N/CR 846,VANDER BCH RD/CR 862,56500,9,57.3,Collier
2024,034117,03000058,CARSON RD,NEW MARKET RD/CR-29A,5800,9,57.4,Collier
2024,034106,03000027,END OF RD/BCH ACCESS,US-41/SR45,6500,9,57.4,Collier
2024,030195,03001000,COUNTY BARN RD,SANTA BARBARA BLVD,29000,9,57.4,Collier
2024,030176,03001000,AIRPORT PULLING RD,COUNTY BARN RD,27000,9,57.4,Collier
2024,030060,03000041,AIRPORT PULLING RD,LIVINGSTON RD,12300,9,57.4,Collier
2024,034121,03000062,IMMOKALEE DR,NEW MARKET RD/CR29 A,9700,9,57.4,Collier
2024,034900,03000018,US 41 TAMIAMI TRAIL,CR-864/RATLSNAK HAMM,9800,9,57.4,Collier
2024,030015,03010000,THOMASSON DR,TREETOPS DR,47000,9,57.3,Collier
2024,034113,03000053,ORCHARD LN,US 41/SR 90,9900,9,57.4,Collier
2024,034129,03020000,SR-29/MAIN ST,HENDRY CO. LN/CR-858,3200,9,57.4,Collier
2024,030272,03000302,GOLDEN GATE BLVD,12TH AVE NE,210,9,57.4,Collier
2024,030062,03000524,VANDERBILT BEACH RD,LEE COUNTY LINE,14900,9,57.4,Collier
2024,030175,03003000,SR-84/DAVIS BLVD,NORTH RD,53500,9,57.4,Collier
2024,034118,03000059,LAKE TRAFFORD/CR890,WESTCLOX ST,6200,9,57.4,Collier
2024,034901,03000019,PINE RIDGE ROAD,AIRPORT ROAD,15800,9,57.4,Collier
2024,034199,03000007,GULF SHORE BLVD,CRAYTON RD,2400,9,57.4,Collier
2024,034200,03000052,NORMANDY DR,US 41/TAMIAMI TRL,1250,9,57.4,Collier
2024,030045,03000029,PARK SHORE DR,SEAGATE DR,5100,9,57.4,Collier
2024,030014,03010000,TREETOPS DR,SR 951,40500,9,57.3,Collier
2024,030111,03010000,SAN MARCO DR/CR 92,CR 29,3900,9.5,57.4,Collier
2024,034522,03000052,BAYSHORE DR,ORCHARD LN,9600,9,57.4,Collier
2024,030194,03010000,SR 951,SIX L'S FARM RD,25500,9,57.4,Collier
2024,034126,03000529,CORKSCREW RD,CR 850/WILDCAT DR,7000,9.5,57.4,Collier
2024,030017,03010000,VANDER BCH RD/CR 862,GULF PARK DR,43500,9,57.3,Collier
2024,030170,03001000,SANTA BARBARA BLVD,CR 856 / RADIO RD,16400,9,57.4,Collier
2024,034712,03000039,S COLLIER BLVD,S BARFIELD DR,4300,9,57.4,Collier
2024,030003,03010000,SEAGATE DR/CR 896,PARK SHORE DR,44000,9,57.3,Collier
2024,034108,03000036,SANTA BARBARA BLVD,COLLIER BLVD/CR-951,13000,9,57.4,Collier
2024,034621,03000055,CR-92/SAN MARCO RD,BRIARWOOD CT,3600,9,57.4,Collier
2024,035029,03010000,NAPLES PLZ  ENT,BANYAN BLVD,41000,9,57.3,Collier
2024,030012,03010000,GULF PARK DR,SEAGATE DR/CR 896,49000,9,57.3,Collier
2024,030201,03000303,N/A,EVERGLADES BLVD,300,9.5,57.4,Collier
2024,030056,03000021,GRAND LELY DR,COLLIER BLVD,3900,9,57.4,Collier
2024,030005,03010000,SIX L'S FARM RD,SAN MARCO DR/CR 92,6300,9.5,57.4,Collier
2024,034123,03000066,SR 82,TERMINUS,850,9.5,57.4,Collier
2024,034114,03000054,GOLDEN GATE BLVD,CR 846/ IMMOKALEE RD,8800,9,57.4,Collier
2024,034034,03000030,.362 S OF HARBOUR DR,.625 N OF PARK SHORE,2000,9,57.4,Collier
2024,035007,03010000,BANYAN BLVD,5TH AVE S,36000,9,57.3,Collier
2024,034622,03000055,BRIARWOOD CT,BALD EAGLE DR,8900,9,57.4,Collier
2024,030044,03000029,HARBOR DR,PARK SHORE DR,3100,9,57.4,Collier
2024,030035,03003000,PINE RIDGE RD,N/A,54000,9,57.4,Collier
2024,034201,03000064,UNSIGNED,LK TRAFFORD RD/CR890,4200,9,57.4,Collier
2024,034104,03000020,CR-896/PINE RIDGE RD,CR-846/IMMOKALEE RD,25000,9,57.4,Collier
2024,034116,03000057,CR 846 IMMOKALEE RD,EVERGLADES BLVD,19400,9,57.4,Collier
2024,034101,03000007,CRAYTON RD,US-41/SR-45/9TH ST N,1800,9,57.4,Collier
2024,030273,03000302,12TH AVE NE,N/A,3700,9.5,57.4,Collier
2024,030018,03010000,SHOPPING CENTER ENT,111TH AVE N/CR 846,62000,9,57.3,Collier
2024,034122,03000063,SR 29 (W MAIN ST),IMMOKALEE DR,12500,9,57.4,Collier
2024,034530,03000015,US 41/TAMIAMI TR,GOODLETTE-FRANK RD,25000,9,57.4,Collier
2025,034576,03521000,ORANGE BLOSSOM DR,VANDERBILTBCHRDCR862,40500,9,57.7,Collier
2025,034516,03505000,US-41/SR-90,COUNTY BARN RD,22500,9,57.7,Collier
2025,034531,03000043,COLLIER BLVD/CR 951,GOLDEN GATE BLVD,38500,9,57.7,Collier
2025,034712,03000039,S COLLIER BLVD,S BARFIELD DR,4300,9,57.7,Collier
2025,034205,03000340,N/A,N/A,7700,9,57.7,Collier
2025,034670,03610000,GULF HARBOR DR,VANDERBILT DR/CR 901,4900,9,57.7,Collier
2025,034166,03530000,AIRPORT PULLING,N/A,25500,9,57.7,Collier
2025,034526,03504000,N/A,COLLIER BLVD/CR-951,45500,9,57.7,Collier
2025,030018,03010000,SHOPPING CENTER ENT,111TH AVE N/CR 846,62000,9,57.4,Collier
2025,030048,03060000,S BARFIELD DR,US 41/TAMIAMI TRL,3200,9,57.7,Collier
2025,030024,03003000,UNSIGNED,PINE RIDGE RD,40500,9,57.7,Collier
2025,034673,03521000,IMMOKALEE RD/CR 846,LEE CO  LINE,37000,9,57.7,Collier
2025,034139,03501000,LEE CO  LINE,SR 82,7000,9.5,57.7,Collier
2025,030104,03040000,CR 29,CR839TURNER RIVER RD,3300,9.5,58,Collier
2025,034529,03513000,GOLDEN GATE PKWY,GREEN BLVD,30000,9,57.7,Collier
2025,034900,03000022,COLLIER BLVD,LELY RESORT BLVD,9800,9,57.7,Collier
2025,032000,03175000,Bridge No-030196,GOLDEN GT PKWY/CR886,47500,9,56.2,Collier
2025,034100,03000001,HURON CT,SR-951/SAN MARCO RD,8400,9,57.4,Collier
2025,030017,03010000,VANDER BCH RD/CR 862,GULF PARK DR,43500,9,57.4,Collier
2025,034669,03610000,US41/TAMIAMI TRL,GULF HARBOR DR,7300,9,57.7,Collier
2025,030193,03001000,CR 856 / RADIO RD,CR 951/COLLIER BLVD,27500,9,57.7,Collier
2025,034578,03550000,CR888/WIGGINS PASSRD,BLUEBILL AVE,7300,9,57.7,Collier
2025,030160,03504000,AIRPORT PULLING/CR31,LIVINGSTON RD,60500,9,57.7,Collier
2025,030205,03080000,CR 858 / OIL WELL RD,NEW HARVEST RD,9900,9,58,Collier
2025,034149,03512000,US41 / TAMIAMI TRL,N/A,31500,9,57.7,Collier
2025,034199,03000007,GULF SHORE BLVD,CRAYTON RD,2400,9,57.7,Collier
2025,030003,03010000,SEAGATE DR/CR 896,PARK SHORE DR,44000,9,57.4,Collier
2025,030067,03631102,AIRPORT PULLING RD,GOLDEN GATE PKWY,11000,9,99.9,Collier
2025,034186,03631100,BEARS PAW TRL,CR 881 LIVINGSTON RD,54000,9,57.7,Collier
2025,034206,03000670,COLLIER BLVD,TAMIAMI TRLE,7700,9,57.7,Collier
2025,030201,03000303,N/A,EVERGLADES BLVD,300,9.5,57.7,Collier
2025,034548,03610000,VANDERBILT DR/CR 901,BONITA BEACH RD SW,9400,9,57.7,Collier
2025,034659,03503000,VANDERBILT BCH RD,CR 846/NAPLES-IMMOKA,30500,9,57.7,Collier
2025,037032,03175017,IMMOKALEE RD/CR 846,I-75 SB/ SR 93,11000,9,99.9,Collier
2025,030050,03515000,52ND AVE SE,GOLDEN GATE BLVD,10200,9,57.7,Collier
2025,034034,03000030,.362 S OF HARBOUR DR,.625 N OF PARK SHORE,2000,9,57.7,Collier
2025,034126,03000529,CORKSCREW RD,CR 850/WILDCAT DR,7000,9.5,57.7,Collier
2025,035629,03516000,GULF SHORE BLVD,US-41,4800,9,57.7,Collier
2025,037005,03175034,I-75 NB,I-75 NB,150,10.5,99.9,Collier
2025,034111,03000044,BANYAN BLVD,HARBOUR DR,2900,9,57.7,Collier
2025,034525,03530000,N/A,WHITE BLVD,44500,9,57.7,Collier
2025,034531,03000056,CR951/COLLIER BLVD,N/A,38500,9,57.7,Collier
2025,037024,03175013,I-75 / SR 93 SB,PINE RIDGE RD/CR 896,13500,9,99.9,Collier
2025,034899,03000018,N/A,CR-864/RATLSNAK HAMM,6850,9,57,Collier
2025,034204,03000304,IMMOKALEE RD,20TH ST NE,800,9,57.7,Collier
2025,034507,03631000,BEARS PAW TR,N/A,59500,9,57.7,Collier
2025,034687,03521000,BRIARWOOD BLVD,GOLDENGATEPKWY/CR886,42000,9,57.7,Collier
2025,034522,03000052,BAYSHORE DR,ORCHARD LN,9600,9,57.7,Collier
2025,030006,03080000,SR90/US41/TAMIAMI TR,Bridge No-030291,2150,9.5,57.7,Collier
2025,030111,03010000,SAN MARCO DR/CR 92,CR 29,3900,9.5,57.7,Collier
2025,034901,03000019,PINE RIDGE ROAD,AIRPORT ROAD,15800,9,57.7,Collier
2025,030179,03010000,LEE CO  LN,SHOPPING CENTER ENT,41500,9,57.4,Collier
2025,030195,03001000,COUNTY BARN RD,SANTA BARBARA BLVD,30000,9,57.7,Collier
2025,034523,03530000,RAMP NORTH OF I-75,N/A,41500,9,57.7,Collier
2025,032003,03175000,GOLDEN GT PKWY/CR886,Bridge No-030200,85500,9,56.2,Collier
2025,034106,03000027,END OF RD/BCH ACCESS,US-41/SR45,7000,9,57.7,Collier
2025,034118,03000059,LAKE TRAFFORD/CR890,WESTCLOX ST,6200,9,57.7,Collier
2025,030143,03080000,CR 29A,SR 82,23500,9.5,56,Collier
2025,034606,03511000,Bridge No-030199,N/A,59500,9,57.7,Collier
2025,034900,03000018,US 41 TAMIAMI TRAIL,N/A,9800,9,57.7,Collier
2025,034128,03003000,N/A,US-41/SR-45,37000,9,57.7,Collier
2025,034207,03000698,N/A,PINE RIDGE RD,800,9,57.7,Collier
2025,034575,03521000,PINE RIDGE RD/CR 896,ORANGE BLOSSOM DR,33500,9,57.7,Collier
2025,034112,03000046,CR-862/VANDERBILT RD,111 AVE,4900,9,57.7,Collier
2025,037013,03175007,SR-951 SB,I-75 NB,15500,10.5,99.9,Collier
2025,037035,03175035,I-75 / SR 93 NB,CR 886/GOLDEN GATE,2500,9,99.9,Collier
2025,030191,03175000,Bridge No-030200,Bridge No-030321,92396,9,54.7,Collier
2025,034144,03510000,SAN MARCO RD,END OF ROUNDABOUT,13400,9,57.7,Collier
2025,030022,03000010,TERMINAL DR,AIRPORT PULLING RD,2300,9,57.7,Collier
2025,030005,03010000,SIX L'S FARM RD,SAN MARCO DR/CR 92,5000,9.5,57.7,Collier
2025,030189,03030000,CR 92/SAN MARCO RD,Bridge No-030293,13100,9,57.4,Collier
2025,034201,03000064,UNSIGNED,LK TRAFFORD RD/CR890,4200,9,57.7,Collier
2025,034176,03580000,MAIN ST,NEW MARKET RD W,16800,9,58,Collier
2025,037002,03175025,SR-29,I-75,2800,10.5,99.9,Collier
2025,034131,03060000,COLLIER BLVD/SR 951,S BARFIELD DR,4700,9,57.7,Collier
2025,034537,03000040,SR-84/DAVIS BLVD,CR-856/RADIO RD,39500,9,57.7,Collier
2025,034117,03000058,CARSON RD,NEW MARKET RD/CR-29A,5800,9,57.7,Collier
2025,030064,03631101,GOLDEN GATE PKWY,AIRPORT PULLING RD,12000,9,99.9,Collier
2025,034536,03530000,WHITE BLVD,GOLDEN GATE BLVD,54000,9,57.7,Collier
2025,034010,03507000,THE COMMONS,GOLDEN GATE PKWY,36000,9,57.7,Collier
2025,034102,03000008,BROAD AVE S,BANYAN BLVD,3000,9,57.7,Collier
2025,030192,03010000,111TH AVE N/CR 846,VANDER BCH RD/CR 862,60000,9,57.4,Collier
2025,030065,03631103,AIRPORT PULLING RD,GOLDEN GATE PKWY,11000,9,99.9,Collier
2025,032354,03634001,GULF SHORE BLVD,US-41/SR-45,6800,9,57.7,Collier
2025,034127,03000601,SCOTT DR,CR 92/SAN MARCO DR,6400,9,57.7,Collier
2025,034172,03540000,SR 29,CO. LINE RD,900,9.5,57.7,Collier
2025,034503,03503000,CR896/PINE RIDGE RD,VANDERBILT BCH RD,45000,9,57.7,Collier
2025,037014,03175005,I-75,SR-951,17500,10.5,99.9,Collier
2025,034108,03000036,SANTA BARBARA BLVD,COLLIER BLVD/CR-951,13000,9,57.7,Collier
2025,034121,03000062,IMMOKALEE DR,NEW MARKET RD/CR29 A,9700,9,57.7,Collier
2025,034176,03580000,NEW MARKET RD W,SR-29/N 15TH ST,8400,9,99.9,Collier
2025,037033,03175023,IMMOKALEE RD/CR 846,I-75 NB / SR 93,20500,9,99.9,Collier
2025,030001,03080000,LK TRAFFORD RD,CR 29A,12600,9,58,Collier
2025,037034,03175021,I-75 SB / SR 93,IMMOKALEE RD/CR 846,21500,9,99.9,Collier
2025,035007,03010000,BANYAN BLVD,5TH AVE S,36000,9,57.4,Collier
2025,030038,03080000,IMMOKALEE DR,LK TRAFFORD RD,18800,9,58,Collier
2025,034530,03000015,US 41/TAMIAMI TR,GOODLETTE-FRANK RD,25000,9,57.7,Collier
2025,034209,03900078,GULF SHORE BLVD N,9TH ST N,11000,9,57.7,Collier
2025,034165,03528000,COLLIER/MONROE CO LN,US 41/TAMIAMI TRAIL,80,9.5,57.7,Collier
2025,037003,03175028,SR-29,I-75,1300,10.5,99.9,Collier
2025,034203,03590000,TURNOUT TO I75 SB,MAIN ST/SR 29,11100,9.5,57.7,Collier
2025,034628,03504000,LIVINGSTON RD,N/A,72000,9,57.7,Collier
2025,030183,03050000,HENDRY CO LN,CR850/CORKSCREW RD,20800,9.5,58,Collier
2025,034148,03510100,PELICAN EAST,SR 951/COLLIER BLVD,3800,9,57.7,Collier
2025,034532,03030000,SR 90/US 41,VERONA WALK BLVD,42000,9,57.4,Collier
2025,034103,03000013,GULFSHORE BLVD,9TH ST S /US-41,3400,9,57.7,Collier
2025,030094,03010000,PETERS AVE,THOMASSON DR,43418,9,57.4,Collier
2025,030063,03631105,GOLDEN GATE PKWY,GOODLETTE FRANK RD,6700,9,99.9,Collier
2025,030272,03000302,GOLDEN GATE BLVD,12TH AVE NE,230,9,57.7,Collier
2025,034585,03518000,GULFSHORE DR,US41/TAMIAMI TRL,4400,9,57.7,Collier
2025,037004,03175026,I-75,SR-29,2400,10.5,99.9,Collier
2025,030002,03080000,NEW HARVEST RD,1ST ST,10100,9,58,Collier
2025,034510,03511000,N/A,CR 951/COLLIER BLVD,24500,9,57.7,Collier
2025,030014,03010000,TREETOPS DR,SR 951,40500,9,57.4,Collier
2025,030066,03631104,GOLDEN GATE PKWY,AIRPORT PULLING RD,10000,9,99.9,Collier
2025,030190,03030001,BECK BLVD,ENDS @ RIGHT OF WAY,66500,9,57.4,Collier
2025,034124,03000523,CR-896/PINE RIDGE RD,VANDERBILT BCH RD,7000,9,57.7,Collier
2025,034655,03530000,GOLDEN GATE BLVD,CR 846,44500,9,57.7,Collier
2025,034652,03000056,N/A,500'E OF DESOTO BLVD,34000,9,57.7,Collier
2025,030170,03001000,SANTA BARBARA BLVD,CR 856 / RADIO RD,16400,9,57.7,Collier
2025,037031,03175019,I-75 NB / SR 93,IMMOKALEE RD/CR 846,11000,9,99.9,Collier
2025,030052,03515000,GOLDEN GATE BLVD,CR-846/IMMOKALEE RD,12100,9,57.7,Collier
2025,030060,03000041,AIRPORT PULLING RD,LIVINGSTON RD,12300,9,57.7,Collier
2025,030177,03003000,US-41,SR-84/DAVIS BLVD,35000,9,57.7,Collier
2025,030158,03631000,N/A,CR 896/PINE RIDGE RD,35000,9,57.7,Collier
2025,034657,03030000,VERONA WALK BLVD,N/A,41500,9,57.4,Collier
2025,037037,03175037,I-75 / SR 93 SB,CR 886/GOLDEN GATE,22000,9,99.9,Collier
2025,039950,03175000,Bridge No-030321,LEE COUNTY LINE,116388,9,52.4,Collier
2025,030044,03000029,HARBOR DR,PARK SHORE DR,3100,9,57.7,Collier
2025,034119,03000060,CR-901/VANDERBILT DR,BLUEBILL AVE,3200,9,57.7,Collier
2025,037021,03175009,I-75/SR-93,PINE RIDGE RD/CR-896,6300,9,99.9,Collier
2025,034030,03000038,GULFSHORE BLVD,US-41/SR-45,12900,9,57.7,Collier
2025,034902,03000061,CARSON RD,N/A,9100,9,57.7,Collier
2025,034602,03030000,RATTLESNAKE HAMMOCK,N/A,47500,9,57.4,Collier
2025,030061,03527000,N/A,CR 846/IMMOKALEE RD,4100,9.5,57.7,Collier
2025,034621,03000055,CR-92/SAN MARCO RD,BRIARWOOD CT,3600,9,57.7,Collier
2025,030194,03010000,SR 951,SIX L'S FARM RD,25500,9,57.7,Collier
2025,034101,03000007,CRAYTON RD,US-41/SR-45/9TH ST N,1800,9,57.7,Collier
2025,035001,03010000,DAVIS BLVD/ SR 84,PETERS AVE,35500,9,57.4,Collier
2025,034603,03030000,N/A,RATTLESNAKE HAMMOCK,45500,9,57.4,Collier
2025,030023,03003000,NORTH RD,UNSIGNED,52500,9,57.7,Collier
2025,034174,03560000,PEPPER RD,SR-29/15TH ST,9600,9,57.7,Collier
2025,037006,03175033,I-75 SB,I-75 SB,250,10.5,99.9,Collier
2025,034567,03590000,SR 45/US 41,TURNOUT TO I75 SB,61000,9,57.7,Collier
2025,037036,03175036,CR 886/GOLDEN GATE,I-75 / SR 93 SB,2600,9,99.9,Collier
2025,030184,03080000,SR 82,HENDRY CO. LN,8300,9.5,58,Collier
2025,034150,03512000,N/A,CR 951/COLLIER BLVD,30500,9,57.7,Collier
2025,030012,03010000,GULF PARK DR,SEAGATE DR/CR 896,52000,9,57.4,Collier
2025,034208,03000699,N/A,N/A,11000,9,57.7,Collier
2025,034166,03530001,IBIS CLUB DR,SR 84/DAVIS BLVD,25500,9,57.7,Collier
2025,037007,03175032,C/L OF 03175030,C/L OF 03175031,150,10.5,53.9,Collier
2025,030270,03040000,CR839TURNER RIVER RD,CR 94/LOOP RD,3667,9.5,58,Collier
2025,034605,03511000,LIVINGSTON RD,Bridge No-030199,59000,9,57.7,Collier
2025,030056,03000021,GRAND LELY DR,COLLIER BLVD,3900,9,57.7,Collier
2025,030351,03175000,N/A,Bridge No-030196,31302,10.5,54.1,Collier
2025,034534,03505000,COUNTY BARN RD,N/A,19300,9,57.7,Collier
2025,034104,03000020,CR-896/PINE RIDGE RD,CR-846/IMMOKALEE RD,26500,9,57.7,Collier
2025,034122,03000063,SR 29 (W MAIN ST),IMMOKALEE DR,12500,9,57.7,Collier
2025,034521,03530000,BAYSHORE DR,US 41/TAMIAMI TRAIL,17300,9,57.7,Collier
2025,034116,03000057,CR 846 IMMOKALEE RD,EVERGLADES BLVD,19400,9,57.7,Collier
2025,034137,03070000,COPELAND AVE,US41/TAMIAMI TRAIL,2400,9.5,57.7,Collier
2025,030062,03000524,VANDERBILT BEACH RD,LEE COUNTY LINE,14900,9,57.7,Collier
2025,030011,03040000,CR 94/LOOP RD,DADE CO LN,2700,9.5,58,Collier
2025,034690,03521000,GOLDENGATEPKWY/CR886,PINE RIDGE RD/CR 896,30000,9,57.7,Collier
2025,034622,03000055,BRIARWOOD CT,BALD EAGLE DR,8900,9,57.7,Collier
2025,030157,03030000,Bridge No-030293,SR 90/US 41,41000,9,57.4,Collier
2025,30202,03900492, , ,1000,9,57,Collier
2025,034686,03521000,CR856/RADIO RD,BRIARWOOD BLVD,28500,9,57.7,Collier
2025,034113,03000053,ORCHARD LN,US 41/SR 90,9900,9,57.7,Collier
2025,037022,03175011,PINE RIDGE RD/CR-896,I-75/SR-93,8000,9,99.9,Collier
2025,030059,03000026,BANYAN BLVD,GULF SHORE BLVD N,3400,9,57.7,Collier
2025,034123,03000066,SR 82,TERMINUS,1850,9.5,57.7,Collier
2025,034187,03632000,CR-846/IMMOKALEE RD,SR-29,14200,9.5,57.7,Collier
2025,034597,03521000,VANDERBILTBCHRDCR862,IMMOKALEE RD/CR 846,32500,9,57.7,Collier
2025,037039,03175039,CR 886/GOLDEN GATE,RAMP# 03175038,9100,9,99.9,Collier
2025,030200,03050000,CR850/CORKSCREW RD,SR 29,22000,9.5,58,Collier
2025,030123,03010000,5TH AVE S,GDLTE FRANK RD/CR851,42000,9,57.4,Collier
2025,030058,03000025,RATTLESNAKE HAMMOCK,DAVIS BLVD,24000,9,57.7,Collier
2025,030124,03010000,GDLTE FRANK RD/CR851,DAVIS BLVD/ SR 84,55000,9,57.4,Collier
2025,034129,03020000,SR-29/MAIN ST,HENDRY CO. LN/CR-858,2800,9,57.7,Collier
2025,030015,03010000,THOMASSON DR,TREETOPS DR,50000,9,57.4,Collier
2025,030182,03080000,Bridge No-030291,CR 858 / OIL WELL RD,8200,9.5,58,Collier
2025,030271,03000301,GOLDEN GATE BLVD,12TH AVE NE,3200,9,57.7,Collier
2025,034034,03530000,DANFORD STREET,BAYSHORE DR,2000,9,57.7,Collier
2025,030061,03000049,OIL WELL RD,POPE JOHN PAUL II BL,4100,9.5,57.7,Collier
2025,030029,03080000,1ST ST,IMMOKALEE DR,22000,9,58,Collier
2025,034152,03514000,US-41/SR-45,CHANNEL THIRTY DR,18200,9,57.7,Collier
2025,030175,03003000,SR-84/DAVIS BLVD,NORTH RD,53500,9,57.7,Collier
2025,034601,03030000,N/A,BECK BLVD,60000,9,57.4,Collier
2025,030176,03001000,AIRPORT PULLING RD,COUNTY BARN RD,27000,9,57.7,Collier
2025,034524,03550000,VANDERBILT BCH RD,US 41,12300,9,57.7,Collier
2025,030178,03001000,US 41/SR 90,AIRPORT PULLING RD,30000,9,57.7,Collier
2025,034157,03527000,CR 858/OIL WELL RD,N/A,2800,9.5,57.7,Collier
2025,037038,03175038,CR 886/GOLDEN GATE,I-75 / SR 93 NB,12500,9,99.9,Collier
2025,037012,03175003,I-75 NB TO SR 951 NB,SR 951 NB,3000,9,99.9,Collier
2025,034528,03513000,RADIO RD/CR 856,GOLDEN GATE PKWY,52500,9,57.7,Collier
2025,030035,03003000,PINE RIDGE RD,N/A,54000,9,57.7,Collier
2025,035029,03010000,NAPLES PLZ  ENT,BANYAN BLVD,41000,9,57.4,Collier
2025,034125,03000523,VANDERBILT BCH RD,CR-846/IMMOKALEE RD,9500,9,57.7,Collier
2025,030054,03550000,US 41,GOODLETTE-FRANK RD,3300,9,57.7,Collier
2025,037001,03175027,I-75,SR-29,750,10.5,99.9,Collier
2025,037023,03175015,PINE RIDGE RD/CR-896,I-75 NB,13000,9,99.9,Collier
2025,034200,03000052,NORMANDY DR,US 41/TAMIAMI TRL,1350,9,57.7,Collier
2025,030173,03175000,BROWARD COUNTY LINE,N/A,26000,10.5,53.9,Collier
2025,034569,03507000,US-41/TAMIAMI TRL,THE COMMONS,32000,9,57.7,Collier
2025,034110,03000042,GOODLETTE FRANK RD,AIRPORT PULLING RD,11900,9,57.7,Collier
2025,035011,03010000,PARK SHORE DR,NAPLES PLZ  ENT,41500,9,57.4,Collier
2025,034188,03633000,RATTLESNAKE HAMMOCK,DAVIS BLVD/SR 84,5300,9,57.7,Collier
2025,030201,03000303,20TH ST NE,N/A,300,9.5,57.7,Collier
2025,034155,03519000,GREEN BLVD,VANDERBILT BEACH RD,34500,9,57.7,Collier
2025,037011,03175001,SR-951,I-75/SR-93 SB,2500,9,99.9,Collier
2025,030045,03000029,PARK SHORE DR,SEAGATE DR,5100,9,57.7,Collier
2025,030273,03000302,12TH AVE NE,N/A,3700,9.5,57.7,Collier
2025,034185,03600000,SNOOK ALLEY,BROADWAY,1300,9.5,57.7,Collier
2025,034114,03000054,GOLDEN GATE BLVD,CR 846/ IMMOKALEE RD,8800,9,57.7,Collier
