county,site,year,aadt
03,0001,1970,3990
03,0001,1971,3805
03,0001,1972,2978
03,0001,1973,3920
03,0001,1974,4025
03,0001,1975,4191
03,0001,1976,2140
03,0001,1977,3793
03,0001,1978,3365
03,0001,1979,4098
03,0001,1980,3498
03,0001,1981,4505
03,0001,1982,3378
03,0001,1983,3683
03,0001,1984,3658
03,0001,1985,3807
03,0001,1988,7089
03,0001,1989,6687
03,0001,1992,6300
03,0001,1993,6400
03,0001,1994,6800
03,0001,1995,7500
03,0001,1996,7200
03,0001,1997,7500
03,0001,1998,8700
03,0001,1999,8500
03,0001,2000,8700
03,0001,2001,9900
03,0001,2002,8600
03,0001,2003,10400
03,0001,2004,10300
03,0001,2005,11400
03,0001,2006,11900
03,0001,2007,11400
03,0001,2008,10500
03,0001,2009,10900
03,0001,2010,10900
03,0001,2011,11100
03,0001,2012,10200
03,0001,2013,10100
03,0001,2014,10500
03,0001,2015,11700
03,0001,2016,12600
03,0001,2017,13800
03,0001,2018,13100
03,0001,2019,12800
03,0001,2020,11800
03,0001,2021,14500
03,0001,2022,14900
03,0001,2023,16400
03,0001,2024,12400
03,0001,2025,12600
03,0002,1970,2459
03,0002,1971,2476
03,0002,1972,2268
03,0002,1973,2585
03,0002,1974,3759
03,0002,1975,3580
03,0002,1976,3175
03,0002,1977,3430
03,0002,1978,3738
03,0002,1979,4670
03,0002,1980,4853
03,0002,1981,5178
03,0002,1982,4330
03,0002,1983,4669
03,0002,1984,5269
03,0002,1985,6338
03,0002,1986,9170
03,0002,1987,7668
03,0002,1988,7226
03,0002,1989,6614
03,0002,1991,6333
03,0002,1992,7400
03,0002,1993,7200
03,0002,1994,6900
03,0002,1995,6700
03,0002,1996,7400
03,0002,1997,6800
03,0002,1998,8800
03,0002,1999,9300
03,0002,2000,9300
03,0002,2001,9600
03,0002,2002,8700
03,0002,2003,8600
03,0002,2004,9800
03,0002,2005,8900
03,0002,2006,8700
03,0002,2007,9900
03,0002,2008,7400
03,0002,2009,7200
03,0002,2010,6000
03,0002,2011,6000
03,0002,2012,5400
03,0002,2013,5300
03,0002,2014,5500
03,0002,2015,6700
03,0002,2016,7100
03,0002,2017,8100
03,0002,2018,8700
03,0002,2019,9300
03,0002,2020,8600
03,0002,2021,8700
03,0002,2022,8900
03,0002,2023,9800
03,0002,2024,10400
03,0002,2025,10100
03,0003,1970,17299
03,0003,1971,19245
03,0003,1972,19329
03,0003,1973,23815
03,0003,1975,29093
03,0003,1976,23935
03,0003,1977,25200
03,0003,1978,29708
03,0003,1979,30563
03,0003,1980,31480
03,0003,1981,32858
03,0003,1982,33273
03,0003,1983,30921
03,0003,1984,31068
03,0003,1985,29619
03,0003,1986,30230
03,0003,1987,30186
03,0003,1988,30852
03,0003,1989,30749
03,0003,1990,32083
03,0003,1991,36404
03,0003,1992,39000
03,0003,1993,41500
03,0003,1994,41500
03,0003,1995,40500
03,0003,1996,47000
03,0003,1997,47000
03,0003,1998,49000
03,0003,1999,50000
03,0003,2000,53000
03,0003,2001,54000
03,0003,2002,53000
03,0003,2003,53000
03,0003,2004,56500
03,0003,2005,56000
03,0003,2006,60000
03,0003,2007,56000
03,0003,2008,52500
03,0003,2009,45500
03,0003,2010,50000
03,0003,2011,49500
03,0003,2012,43000
03,0003,2013,42500
03,0003,2014,43000
03,0003,2015,44000
03,0003,2016,45000
03,0003,2017,40500
03,0003,2018,38000
03,0003,2019,41500
03,0003,2020,34000
03,0003,2021,42000
03,0003,2022,42000
03,0003,2023,44000
03,0003,2024,44000
03,0003,2025,44000
03,0004,1970,21137
03,0004,1971,24823
03,0004,1972,23246
03,0004,1973,21756
03,0004,1974,22579
03,0004,1975,27018
03,0004,1976,21831
03,0004,1977,24626
03,0004,1978,29428
03,0004,1979,28206
03,0004,1980,25383
03,0004,1981,24023
03,0004,1982,26541
03,0004,1983,24821
03,0004,1984,25834
03,0004,1985,27778
03,0004,1986,32906
03,0004,1987,27439
03,0004,1988,27842
03,0004,1989,29034
03,0004,1990,34175
03,0004,1991,35057
03,0004,1992,38500
03,0004,1993,40500
03,0004,1994,35000
03,0004,1995,33500
03,0004,1996,37500
03,0004,1997,37000
03,0004,1998,37000
03,0005,1970,4243
03,0005,1971,3231
03,0005,1972,2449
03,0005,1973,2494
03,0005,1974,2130
03,0005,1975,2725
03,0005,1976,2840
03,0005,1977,3665
03,0005,1978,2950
03,0005,1979,3310
03,0005,1980,2668
03,0005,1981,3123
03,0005,1982,3268
03,0005,1983,3315
03,0005,1984,3682
03,0005,1985,3490
03,0005,1986,3760
03,0005,1987,3908
03,0005,1988,4171
03,0005,1989,3708
03,0005,1990,4967
03,0005,1991,4383
03,0005,1992,4800
03,0005,1993,4400
03,0005,1994,3700
03,0005,1995,4400
03,0005,1996,4200
03,0005,1997,4800
03,0005,1998,4100
03,0005,1999,4700
03,0005,2000,4600
03,0005,2001,4600
03,0005,2002,4900
03,0005,2003,4500
03,0005,2004,5000
03,0005,2005,4700
03,0005,2006,4000
03,0005,2007,4600
03,0005,2008,3800
03,0005,2009,3800
03,0005,2010,3800
03,0005,2011,3800
03,0005,2012,3500
03,0005,2013,3900
03,0005,2014,3900
03,0005,2015,5900
03,0005,2016,6100
03,0005,2017,5500
03,0005,2018,4600
03,0005,2019,4600
03,0005,2020,4400
03,0005,2021,5000
03,0005,2022,5700
03,0005,2023,6100
03,0005,2024,6300
03,0005,2025,5000
03,0006,1970,1570
03,0006,1971,1175
03,0006,1972,1123
03,0006,1973,1012
03,0006,1974,975
03,0006,1976,828
03,0006,1977,765
03,0006,1978,1313
03,0006,1979,1185
03,0006,1980,1183
03,0006,1981,1280
03,0006,1982,1205
03,0006,1983,1168
03,0006,1984,1518
03,0006,1985,1360
03,0006,1986,1435
03,0006,1987,1400
03,0006,1988,1343
03,0006,1989,1289
03,0006,1991,1052
03,0006,1992,1300
03,0006,1993,1250
03,0006,1994,1200
03,0006,1995,1300
03,0006,1996,1450
03,0006,1997,1200
03,0006,1998,1500
03,0006,1999,1850
03,0006,2000,1800
03,0006,2001,1700
03,0006,2002,1900
03,0006,2003,2400
03,0006,2004,2000
03,0006,2005,1750
03,0006,2006,1650
03,0006,2007,1700
03,0006,2008,1800
03,0006,2009,1550
03,0006,2010,1450
03,0006,2011,1450
03,0006,2012,1250
03,0006,2013,1650
03,0006,2014,1650
03,0006,2015,1800
03,0006,2016,1900
03,0006,2017,1800
03,0006,2018,1650
03,0006,2019,1550
03,0006,2020,1800
03,0006,2021,1900
03,0006,2022,2500
03,0006,2023,2700
03,0006,2024,2800
03,0006,2025,2150
03,0007,1985,2181
03,0007,1986,2458
03,0007,1987,2469
03,0008,1970,2887
03,0008,1971,2549
03,0008,1972,2610
03,0008,1973,2457
03,0008,1974,2330
03,0008,1975,3370
03,0008,1976,2335
03,0008,1977,2878
03,0009,1978,1130
03,0011,1970,2425
03,0011,1971,2041
03,0011,1972,1947
03,0011,1973,2349
03,0011,1974,2394
03,0011,1975,2761
03,0011,1976,2940
03,0011,1977,2165
03,0011,1978,2320
03,0011,1979,2443
03,0011,1980,2048
03,0011,1981,2185
03,0011,1982,2303
03,0011,1983,2507
03,0011,1984,2953
03,0011,1985,2245
03,0011,2006,2500
03,0011,2007,2500
03,0011,2008,2200
03,0011,2009,2300
03,0011,2010,2500
03,0011,2011,2100
03,0011,2012,1900
03,0011,2013,1800
03,0011,2014,2200
03,0011,2015,2500
03,0011,2016,2500
03,0011,2017,2300
03,0011,2018,2200
03,0011,2019,2200
03,0011,2020,2200
03,0011,2021,2300
03,0011,2022,3000
03,0011,2023,3200
03,0011,2024,3400
03,0011,2025,2700
03,0012,1985,32025
03,0012,1986,35987
03,0012,1987,38479
03,0012,1988,39568
03,0012,1989,39417
03,0012,1990,37264
03,0012,1991,41373
03,0012,1992,43000
03,0012,1993,45000
03,0012,1994,41500
03,0012,1995,41500
03,0012,1996,46000
03,0012,1997,44500
03,0012,1998,46500
03,0012,1999,43500
03,0012,2000,44000
03,0012,2001,42000
03,0012,2002,47000
03,0012,2003,47000
03,0012,2004,51000
03,0012,2005,50500
03,0012,2006,49000
03,0012,2007,45500
03,0012,2008,46500
03,0012,2009,43000
03,0012,2010,39000
03,0012,2011,43500
03,0012,2012,40000
03,0012,2013,42000
03,0012,2014,41500
03,0012,2015,43000
03,0012,2016,43000
03,0012,2017,40000
03,0012,2018,38500
03,0012,2019,45000
03,0012,2020,35000
03,0012,2021,44000
03,0012,2022,47000
03,0012,2023,49000
03,0012,2024,49000
03,0012,2025,52000
03,0014,1974,9392
03,0014,1975,9158
03,0014,1977,14920
03,0014,1978,11528
03,0014,1979,13945
03,0014,1980,10796
03,0014,1981,15941
03,0014,1982,14878
03,0014,1983,12544
03,0014,1984,12617
03,0014,1985,13485
03,0014,1986,15634
03,0014,1987,14803
03,0014,1988,16533
03,0014,1989,15340
03,0014,1990,18466
03,0014,1991,19504
03,0014,1992,19500
03,0014,1993,20000
03,0014,1994,21000
03,0014,1995,21500
03,0014,1996,23000
03,0014,1997,23000
03,0014,1998,23000
03,0014,1999,23000
03,0014,2000,23000
03,0014,2001,23500
03,0014,2002,25000
03,0014,2003,26000
03,0014,2004,27000
03,0014,2005,29000
03,0014,2006,27000
03,0014,2007,30000
03,0014,2008,27000
03,0014,2009,27500
03,0014,2010,25000
03,0014,2011,25000
03,0014,2012,27500
03,0014,2013,28000
03,0014,2014,29000
03,0014,2015,32000
03,0014,2016,32500
03,0014,2017,32500
03,0014,2018,32500
03,0014,2019,36000
03,0014,2020,31000
03,0014,2021,37000
03,0014,2022,37000
03,0014,2023,38000
03,0014,2024,40500
03,0014,2025,40500
03,0015,1976,14460
03,0015,1977,8910
03,0015,1978,16800
03,0015,1979,19625
03,0015,1980,18713
03,0015,1981,18151
03,0015,1982,21590
03,0015,1983,21040
03,0015,1984,21793
03,0015,1985,22665
03,0015,1986,26237
03,0015,1987,27126
03,0015,1988,29902
03,0015,1989,30582
03,0015,1990,29185
03,0015,1991,30978
03,0015,1992,30500
03,0015,1993,31500
03,0015,1994,33500
03,0015,1995,31500
03,0015,1996,34000
03,0015,1997,32500
03,0015,1998,32000
03,0015,1999,33000
03,0015,2000,35000
03,0015,2001,35500
03,0015,2002,31500
03,0015,2003,36500
03,0015,2004,36500
03,0015,2005,40000
03,0015,2006,42000
03,0015,2007,42000
03,0015,2008,37500
03,0015,2009,36000
03,0015,2010,35000
03,0015,2011,35000
03,0015,2012,34500
03,0015,2013,34500
03,0015,2014,35500
03,0015,2015,40500
03,0015,2016,42000
03,0015,2017,40500
03,0015,2018,38500
03,0015,2019,42000
03,0015,2020,39000
03,0015,2021,43500
03,0015,2022,45000
03,0015,2023,47000
03,0015,2024,47000
03,0015,2025,50000
03,0017,1970,10260
03,0017,1971,9998
03,0017,1972,12375
03,0017,1973,17226
03,0017,1974,20124
03,0017,1975,16839
03,0017,1976,15028
03,0017,1977,16821
03,0017,1978,21206
03,0017,1979,26161
03,0017,1980,26553
03,0017,1981,29173
03,0017,1982,28323
03,0017,1983,27259
03,0017,1984,28294
03,0017,1985,29500
03,0017,1986,34250
03,0017,1987,31732
03,0017,1988,31366
03,0017,1989,31694
03,0017,1990,34931
03,0017,1991,36779
03,0017,1992,38000
03,0017,1993,38000
03,0017,1994,35500
03,0017,1995,36000
03,0017,1996,42000
03,0017,1997,44000
03,0017,1998,40500
03,0017,1999,40500
03,0017,2000,39000
03,0017,2001,39000
03,0017,2002,45500
03,0017,2003,44000
03,0017,2004,48000
03,0017,2005,47500
03,0017,2006,48500
03,0017,2007,45000
03,0017,2008,46500
03,0017,2009,45500
03,0017,2010,43000
03,0017,2011,42000
03,0017,2012,41000
03,0017,2013,41500
03,0017,2014,41000
03,0017,2015,43000
03,0017,2016,41000
03,0017,2017,40500
03,0017,2018,40000
03,0017,2019,43000
03,0017,2020,35500
03,0017,2021,42000
03,0017,2022,42000
03,0017,2023,43500
03,0017,2024,43500
03,0017,2025,43500
03,0018,1985,23417
03,0018,1986,25754
03,0018,1987,24421
03,0018,1988,25130
03,0018,1989,25788
03,0018,1990,30723
03,0018,1991,32140
03,0018,1992,35000
03,0018,1993,37000
03,0018,1994,35000
03,0018,1995,42500
03,0018,1996,44000
03,0018,1997,45500
03,0018,1998,46000
03,0018,1999,45500
03,0018,2000,45500
03,0018,2001,45500
03,0018,2002,55000
03,0018,2003,53500
03,0018,2004,52000
03,0018,2005,58500
03,0018,2006,61500
03,0018,2007,61000
03,0018,2008,60000
03,0018,2009,57000
03,0018,2010,59000
03,0018,2011,53500
03,0018,2012,51500
03,0018,2013,53500
03,0018,2014,53500
03,0018,2015,56500
03,0018,2016,61000
03,0018,2017,56500
03,0018,2018,52500
03,0018,2019,61500
03,0018,2020,49000
03,0018,2021,59000
03,0018,2022,64000
03,0018,2023,63000
03,0018,2024,62000
03,0018,2025,62000
03,0019,1985,18204
03,0019,1986,22730
03,0019,1987,21282
03,0019,1988,21183
03,0019,1989,20048
03,0020,1985,21932
03,0020,1986,27039
03,0020,1987,23693
03,0020,1988,26389
03,0020,1989,27203
03,0020,1990,31744
03,0020,1991,30788
03,0020,1992,31000
03,0020,1993,33000
03,0020,1994,33500
03,0020,1995,33500
03,0021,1985,20653
03,0021,1986,24826
03,0021,1987,23651
03,0021,1988,26267
03,0021,1989,26904
03,0021,1990,28660
03,0021,1991,27409
03,0021,1992,28000
03,0021,1993,30000
03,0021,1994,31500
03,0021,1995,32000
03,0022,1985,5569
03,0022,1986,5605
03,0022,1987,6677
03,0022,2001,2300
03,0022,2002,3000
03,0022,2003,2300
03,0022,2004,2600
03,0022,2005,2800
03,0022,2006,2800
03,0022,2007,2200
03,0022,2008,1800
03,0022,2009,1600
03,0022,2010,1350
03,0022,2011,1350
03,0022,2012,1350
03,0022,2013,1850
03,0022,2014,1850
03,0022,2015,2200
03,0022,2016,2200
03,0022,2017,2200
03,0022,2018,1850
03,0022,2019,2000
03,0022,2020,1750
03,0022,2021,2300
03,0022,2022,2300
03,0022,2023,2500
03,0022,2024,2300
03,0022,2025,2300
03,0023,1985,26819
03,0023,1986,33273
03,0023,1987,33663
03,0023,1988,35923
03,0023,1989,35925
03,0023,1990,43225
03,0023,1991,43244
03,0023,1992,45500
03,0023,1993,47000
03,0023,1994,51000
03,0023,1995,49000
03,0023,2001,46000
03,0023,2002,49500
03,0023,2003,47500
03,0023,2004,51000
03,0023,2005,39000
03,0023,2006,41000
03,0023,2007,43000
03,0023,2008,42500
03,0023,2009,40500
03,0023,2010,39500
03,0023,2011,39500
03,0023,2012,38500
03,0023,2013,44000
03,0023,2014,45000
03,0023,2015,47500
03,0023,2016,48500
03,0023,2017,42500
03,0023,2018,44000
03,0023,2019,48500
03,0023,2020,40000
03,0023,2021,50000
03,0023,2022,47500
03,0023,2023,51500
03,0023,2024,53500
03,0023,2025,52500
03,0024,1985,16225
03,0024,1986,19622
03,0024,1987,21314
03,0024,1988,23338
03,0024,1989,22338
03,0024,1990,32279
03,0024,1991,31840
03,0024,1992,34500
03,0024,1993,35500
03,0024,1994,39500
03,0024,1995,38500
03,0024,2001,57000
03,0024,2002,56500
03,0024,2003,46000
03,0024,2004,44500
03,0024,2005,44500
03,0024,2006,37500
03,0024,2007,34000
03,0024,2008,35000
03,0024,2009,36000
03,0024,2010,35000
03,0024,2011,35000
03,0024,2012,35000
03,0024,2013,35000
03,0024,2014,37000
03,0024,2015,39000
03,0024,2016,39500
03,0024,2017,36500
03,0024,2018,37500
03,0024,2019,38500
03,0024,2020,35500
03,0024,2021,41500
03,0024,2022,39000
03,0024,2023,42000
03,0024,2024,40500
03,0024,2025,40500
03,0025,1985,10045
03,0025,1986,12452
03,0025,1987,12475
03,0026,1985,5369
03,0026,1986,5738
03,0026,1987,5532
03,0027,1970,226
03,0027,1971,174
03,0027,1972,103
03,0027,1977,308
03,0027,1985,603
03,0027,1986,857
03,0027,1987,991
03,0028,1987,3712
03,0028,1988,4038
03,0028,1989,3625
03,0028,1991,7278
03,0028,1992,7500
03,0028,1993,10300
03,0028,1994,8400
03,0028,1995,9000
03,0028,1996,10000
03,0028,1997,10800
03,0028,1998,11800
03,0028,1999,12800
03,0028,2000,12600
03,0028,2001,13800
03,0029,1976,8160
03,0029,1977,8233
03,0029,1985,11467
03,0029,1986,14085
03,0029,1987,12762
03,0029,1988,12023
03,0029,1989,10952
03,0029,1991,11892
03,0029,1992,15300
03,0029,1993,10800
03,0029,1994,12900
03,0029,1995,11800
03,0029,1996,11900
03,0029,1997,16800
03,0029,1998,14100
03,0029,1999,13900
03,0029,2000,12800
03,0029,2001,13000
03,0029,2002,13700
03,0029,2003,12800
03,0029,2004,12500
03,0029,2005,13600
03,0029,2006,14300
03,0029,2007,12500
03,0029,2008,13300
03,0029,2009,11900
03,0029,2010,10800
03,0029,2011,11000
03,0029,2012,12600
03,0029,2013,14200
03,0029,2014,14600
03,0029,2015,14200
03,0029,2016,16000
03,0029,2017,17800
03,0029,2018,16100
03,0029,2019,17000
03,0029,2020,15700
03,0029,2021,19200
03,0029,2022,17400
03,0029,2023,18900
03,0029,2024,19900
03,0029,2025,22000
03,0030,1985,6794
03,0030,1986,8113
03,0030,1987,9502
03,0031,1985,859
03,0031,1986,752
03,0031,1987,564
03,0031,1988,531
03,0031,1989,540
03,0031,1991,760
03,0031,1992,850
03,0031,1993,850
03,0031,1994,700
03,0031,1995,900
03,0031,1996,850
03,0031,1997,650
03,0031,1998,750
03,0031,1999,650
03,0031,2000,850
03,0031,2001,950
03,0031,2002,1200
03,0031,2003,1150
03,0031,2004,1300
03,0031,2005,1150
03,0031,2006,1100
03,0031,2007,1250
03,0031,2008,1450
03,0031,2009,1050
03,0031,2010,1000
03,0031,2011,1000
03,0031,2012,850
03,0031,2013,1050
03,0031,2014,1050
03,0031,2015,1550
03,0031,2016,1450
03,0031,2017,1700
03,0031,2018,1350
03,0031,2019,1350
03,0031,2020,1350
03,0031,2021,1450
03,0031,2022,1500
03,0031,2023,1600
03,0032,1985,445
03,0032,1986,690
03,0032,1987,426
03,0033,1985,5073
03,0033,1986,4992
03,0033,1987,7133
03,0034,1986,17621
03,0034,1987,22487
03,0034,1988,22796
03,0034,1989,22377
03,0034,1990,30877
03,0034,1991,30928
03,0034,1992,32000
03,0034,1993,31500
03,0034,1994,32000
03,0034,1995,35000
03,0035,1986,21846
03,0035,1987,26017
03,0035,1988,29445
03,0035,1989,28119
03,0035,1990,36960
03,0035,1991,36326
03,0035,1992,38000
03,0035,1993,41000
03,0035,1994,43500
03,0035,1995,45500
03,0035,2008,55500
03,0035,2009,54500
03,0035,2010,53500
03,0035,2011,44500
03,0035,2012,43500
03,0035,2013,43500
03,0035,2014,48000
03,0035,2015,52000
03,0035,2016,54000
03,0035,2017,56000
03,0035,2018,46500
03,0035,2019,49500
03,0035,2020,48500
03,0035,2021,50500
03,0035,2022,52000
03,0035,2023,52000
03,0035,2024,54000
03,0035,2025,54000
03,0036,1985,4678
03,0036,1986,6733
03,0036,1987,7585
03,0037,1985,4463
03,0037,1986,5891
03,0037,1987,4427
03,0038,2002,16100
03,0038,2003,17200
03,0038,2004,15800
03,0038,2005,17600
03,0038,2006,17000
03,0038,2007,16100
03,0038,2008,14400
03,0038,2009,14100
03,0038,2010,14900
03,0038,2011,15100
03,0038,2012,14000
03,0038,2013,14200
03,0038,2014,14600
03,0038,2015,14400
03,0038,2016,15900
03,0038,2017,17700
03,0038,2018,15100
03,0038,2019,15600
03,0038,2020,14300
03,0038,2021,17200
03,0038,2022,16200
03,0038,2023,17800
03,0038,2024,18700
03,0038,2025,18800
03,0039,1985,24264
03,0039,1986,29629
03,0039,1987,28370
03,0040,1985,14690
03,0040,1986,17853
03,0040,1987,18615
03,0041,1985,7386
03,0041,1986,8625
03,0041,1987,11737
03,0044,2015,2400
03,0044,2016,2500
03,0044,2017,2500
03,0044,2018,2500
03,0044,2019,4100
03,0044,2020,4100
03,0044,2021,4300
03,0044,2022,4400
03,0044,2023,3000
03,0044,2024,3100
03,0044,2025,3100
03,0045,2015,4000
03,0045,2016,4200
03,0045,2017,4400
03,0045,2018,4400
03,0045,2019,4200
03,0045,2020,4200
03,0045,2021,4400
03,0045,2022,4500
03,0045,2023,4900
03,0045,2024,5100
03,0045,2025,5100
03,0048,2014,7900
03,0048,2015,6300
03,0048,2016,6500
03,0048,2017,6700
03,0048,2018,3900
03,0048,2019,3600
03,0048,2020,3600
03,0048,2021,3800
03,0048,2022,3900
03,0048,2023,3000
03,0048,2024,3200
03,0048,2025,3200
03,0050,2014,500
03,0050,2015,4600
03,0050,2016,4800
03,0050,2017,5000
03,0050,2018,5500
03,0050,2019,5900
03,0050,2020,5700
03,0050,2021,5900
03,0050,2022,6100
03,0050,2023,9800
03,0050,2024,10200
03,0050,2025,10200
03,0051,1970,3956
03,0051,1971,5390
03,0051,1972,4162
03,0051,1973,5088
03,0051,1974,4958
03,0051,1975,5545
03,0051,1976,3593
03,0051,1977,2958
03,0051,1987,7907
03,0051,1988,6457
03,0051,1989,5896
03,0051,1990,6973
03,0051,1991,7004
03,0051,1992,8200
03,0051,1993,7500
03,0051,1994,8100
03,0051,1995,8400
03,0051,1996,10900
03,0051,1997,10000
03,0052,2014,500
03,0052,2015,4800
03,0052,2016,5000
03,0052,2017,5200
03,0052,2018,5800
03,0052,2019,6300
03,0052,2020,6100
03,0052,2021,6300
03,0052,2022,6500
03,0052,2023,11700
03,0052,2024,12100
03,0052,2025,12100
03,0053,1970,1905
03,0053,1971,2063
03,0053,1972,1753
03,0053,1973,1672
03,0053,1974,1542
03,0053,1975,2174
03,0053,1976,2020
03,0053,1977,2003
03,0053,1978,2550
03,0053,1979,2550
03,0053,1980,1928
03,0053,1981,2230
03,0053,1982,1860
03,0053,1983,2203
03,0053,1984,2175
03,0053,1985,2329
03,0053,1987,3532
03,0054,2014,23200
03,0054,2015,3600
03,0054,2016,3800
03,0054,2017,4000
03,0054,2018,3900
03,0054,2019,4100
03,0054,2020,4100
03,0054,2021,4300
03,0054,2022,4400
03,0054,2023,3200
03,0054,2024,3300
03,0054,2025,3300
03,0055,1985,5616
03,0055,1986,5587
03,0055,1987,5795
03,0056,2015,2700
03,0056,2016,2500
03,0056,2017,2500
03,0056,2018,3000
03,0056,2019,3700
03,0056,2020,3700
03,0056,2021,3900
03,0056,2022,4000
03,0056,2023,3700
03,0056,2024,3900
03,0056,2025,3900
03,0057,2015,4700
03,0057,2016,4900
03,0057,2017,5100
03,0057,2018,7100
03,0057,2019,7300
03,0057,2020,7100
03,0057,2021,7300
03,0057,2022,6700
03,0057,2023,6600
03,0057,2024,6800
03,0058,2015,22000
03,0058,2016,23000
03,0058,2017,24000
03,0058,2018,19300
03,0058,2019,19700
03,0058,2020,17700
03,0058,2021,18500
03,0058,2022,18900
03,0058,2023,20500
03,0058,2024,21500
03,0058,2025,24000
03,0059,2015,3300
03,0059,2016,3500
03,0059,2017,3600
03,0059,2018,3300
03,0059,2019,3300
03,0059,2020,3300
03,0059,2021,3500
03,0059,2022,2900
03,0059,2023,3200
03,0059,2024,3400
03,0059,2025,3400
03,0060,2015,10500
03,0060,2016,10900
03,0060,2017,11300
03,0060,2018,12100
03,0060,2019,12300
03,0060,2020,12100
03,0060,2021,12600
03,0060,2022,12900
03,0060,2023,11900
03,0060,2024,12300
03,0060,2025,12300
03,0061,2015,1250
03,0061,2016,1350
03,0061,2017,1350
03,0061,2018,1950
03,0061,2019,1950
03,0061,2020,2300
03,0061,2021,2300
03,0061,2022,2300
03,0061,2023,2500
03,0061,2024,2500
03,0061,2025,4100
03,0062,2015,9500
03,0062,2016,9900
03,0062,2017,10300
03,0062,2018,10700
03,0062,2019,10900
03,0062,2020,10700
03,0062,2021,11100
03,0062,2022,13500
03,0062,2023,14300
03,0062,2024,14900
03,0062,2025,14900
03,0063,2015,5600
03,0063,2016,5800
03,0063,2017,6000
03,0063,2018,5900
03,0063,2019,6000
03,0063,2020,5900
03,0063,2021,6100
03,0063,2022,5600
03,0063,2023,6500
03,0063,2024,6700
03,0063,2025,6700
03,0064,2021,9700
03,0064,2022,9900
03,0064,2023,10500
03,0064,2024,11000
03,0064,2025,12000
03,0065,2021,8200
03,0065,2022,8400
03,0065,2023,9100
03,0065,2024,9400
03,0065,2025,11000
03,0066,2021,7000
03,0066,2022,7200
03,0066,2023,7800
03,0066,2024,8100
03,0066,2025,10000
03,0067,2021,9500
03,0067,2022,9700
03,0067,2023,10500
03,0067,2024,11000
03,0067,2025,11000
03,0090,1970,2448
03,0090,1971,2269
03,0090,1972,2518
03,0090,1973,2405
03,0090,1974,2991
03,0090,1975,3257
03,0090,1976,2297
03,0090,1977,1818
03,0090,1978,2810
03,0090,1979,2535
03,0090,1980,2288
03,0090,1981,2560
03,0090,1982,2448
03,0094,1974,17440
03,0094,1975,18235
03,0094,1977,19765
03,0094,1978,20890
03,0094,1979,26635
03,0094,1980,22987
03,0094,1981,26279
03,0094,1982,27570
03,0094,1983,29363
03,0094,1984,30667
03,0094,1985,31070
03,0094,1986,31295
03,0094,1987,32832
03,0094,1988,35379
03,0094,1989,36398
03,0094,1990,37761
03,0094,1991,37294
03,0094,1992,38769
03,0094,1993,36975
03,0094,1994,35445
03,0094,1995,35711
03,0094,1996,36649
03,0094,1997,36619
03,0094,1998,38000
03,0094,1999,39000
03,0094,2000,35911
03,0094,2001,39827
03,0094,2002,40258
03,0094,2003,41463
03,0094,2004,44055
03,0094,2005,45229
03,0094,2006,45559
03,0094,2007,43776
03,0094,2008,41699
03,0094,2009,41162
03,0094,2010,39899
03,0094,2011,38035
03,0094,2012,38102
03,0094,2013,39232
03,0094,2014,40223
03,0094,2015,41557
03,0094,2016,42286
03,0094,2017,41302
03,0094,2018,40039
03,0094,2019,42797
03,0094,2020,38469
03,0094,2021,44331
03,0094,2022,44103
03,0094,2023,43255
03,0094,2024,43163
03,0094,2025,43418
03,0103,1970,838
03,0103,1971,883
03,0103,1972,957
03,0103,1973,731
03,0103,1974,780
03,0103,1975,962
03,0103,1976,580
03,0103,1977,816
03,0104,1970,2896
03,0104,1971,2557
03,0104,1972,2635
03,0104,1973,2133
03,0104,1974,2923
03,0104,1975,3167
03,0104,1976,2848
03,0104,1977,3147
03,0104,1978,2825
03,0104,1979,3105
03,0104,1980,2698
03,0104,1981,3093
03,0104,1982,2630
03,0104,1983,2789
03,0104,1984,3443
03,0104,1985,2935
03,0104,1986,3349
03,0104,1987,3450
03,0104,1988,3779
03,0104,1989,3478
03,0104,1991,3998
03,0104,1992,3600
03,0104,1993,3600
03,0104,1994,2400
03,0104,1995,3100
03,0104,1996,2800
03,0104,1997,3300
03,0104,1998,2700
03,0104,1999,4300
03,0104,2000,3200
03,0104,2001,3400
03,0104,2002,3100
03,0104,2003,3400
03,0104,2004,2900
03,0104,2005,3100
03,0104,2006,2600
03,0104,2007,2700
03,0104,2008,2600
03,0104,2009,2700
03,0104,2010,2600
03,0104,2011,2600
03,0104,2012,2400
03,0104,2013,2400
03,0104,2014,2400
03,0104,2015,3700
03,0104,2016,3900
03,0104,2017,3400
03,0104,2018,2800
03,0104,2019,2700
03,0104,2020,2700
03,0104,2021,2700
03,0104,2022,3400
03,0104,2023,3600
03,0104,2024,3800
03,0104,2025,3300
03,0105,1970,2219
03,0105,1971,2734
03,0105,1972,2689
03,0105,1973,3110
03,0105,1974,3705
03,0105,1975,2882
03,0105,1977,2833
03,0106,1970,3077
03,0106,1971,2613
03,0106,1972,2550
03,0106,1973,3371
03,0106,1977,4095
03,0107,1970,649
03,0107,1971,671
03,0107,1972,508
03,0107,1973,668
03,0107,1974,827
03,0107,1975,1067
03,0107,1976,1260
03,0107,1977,1225
03,0107,1985,1165
03,0107,1986,4017
03,0107,1987,1665
03,0110,1970,2476
03,0110,1971,1333
03,0110,1972,726
03,0110,1973,1151
03,0110,1974,895
03,0110,1975,760
03,0110,1976,700
03,0110,1977,1148
03,0110,1985,1189
03,0110,1986,1007
03,0110,1987,1626
03,0111,1970,2674
03,0111,1971,1934
03,0111,1972,2401
03,0111,1973,2316
03,0111,1974,2741
03,0111,1975,2739
03,0111,1976,2523
03,0111,1977,3028
03,0111,1978,2813
03,0111,1979,2975
03,0111,1980,2597
03,0111,1981,3530
03,0111,1982,2973
03,0111,1983,2884
03,0111,1984,3228
03,0111,1985,2988
03,0111,1986,3432
03,0111,1987,3506
03,0111,1988,3454
03,0111,1989,3018
03,0111,1991,4159
03,0111,1992,3900
03,0111,1993,3800
03,0111,1994,3000
03,0111,1995,3900
03,0111,1996,3500
03,0111,1997,3200
03,0111,1998,3400
03,0111,1999,4800
03,0111,2000,3900
03,0111,2001,4100
03,0111,2002,3900
03,0111,2003,4800
03,0111,2004,4200
03,0111,2005,3600
03,0111,2006,3400
03,0111,2007,3200
03,0111,2008,3100
03,0111,2009,3000
03,0111,2010,2800
03,0111,2011,2800
03,0111,2012,2700
03,0111,2013,3100
03,0111,2014,3100
03,0111,2015,4400
03,0111,2016,4600
03,0111,2017,3700
03,0111,2018,3300
03,0111,2019,3100
03,0111,2020,3400
03,0111,2021,3000
03,0111,2022,3200
03,0111,2023,3700
03,0111,2024,3900
03,0111,2025,3900
03,0112,1970,1403
03,0112,1971,1303
03,0112,1972,1375
03,0112,1973,1295
03,0112,1974,1329
03,0112,1975,1592
03,0112,1976,1543
03,0112,1977,1629
03,0123,1970,18449
03,0123,1971,16474
03,0123,1972,20244
03,0123,1973,23175
03,0123,1975,27598
03,0123,1976,18580
03,0123,1977,24795
03,0123,1978,29620
03,0123,1979,30093
03,0123,1980,29353
03,0123,1981,29326
03,0123,1982,30248
03,0123,1983,28159
03,0123,1984,27976
03,0123,1985,26861
03,0123,1987,27393
03,0123,1988,28261
03,0123,1989,23029
03,0123,1990,35339
03,0123,1991,36763
03,0123,1992,33500
03,0123,1993,34000
03,0123,1994,32500
03,0123,1995,38000
03,0123,1996,38000
03,0123,1997,32500
03,0123,1998,33000
03,0123,1999,35000
03,0123,2000,34000
03,0123,2001,37500
03,0123,2002,38000
03,0123,2003,38500
03,0123,2004,40500
03,0123,2005,42500
03,0123,2006,41000
03,0123,2007,42000
03,0123,2008,37500
03,0123,2009,35500
03,0123,2010,35000
03,0123,2011,35000
03,0123,2012,35500
03,0123,2013,35500
03,0123,2014,36500
03,0123,2015,37500
03,0123,2016,38000
03,0123,2017,35000
03,0123,2018,34000
03,0123,2019,38500
03,0123,2020,31500
03,0123,2021,37000
03,0123,2022,40000
03,0123,2023,42000
03,0123,2024,42000
03,0123,2025,42000
03,0124,1987,41832
03,0124,1988,41657
03,0124,1989,41532
03,0124,1990,51413
03,0124,1991,51328
03,0124,1992,50500
03,0124,1993,52000
03,0124,1994,50000
03,0124,1995,52500
03,0124,1996,54500
03,0124,1997,52000
03,0124,1998,52000
03,0124,1999,55000
03,0124,2000,52000
03,0124,2001,55000
03,0124,2002,58000
03,0124,2003,58500
03,0124,2004,60500
03,0124,2005,61000
03,0124,2006,64000
03,0124,2007,63500
03,0124,2008,56500
03,0124,2009,53000
03,0124,2010,50000
03,0124,2011,50000
03,0124,2012,50000
03,0124,2013,51500
03,0124,2014,53500
03,0124,2015,52000
03,0124,2016,57000
03,0124,2017,52500
03,0124,2018,51500
03,0124,2019,50000
03,0124,2020,42500
03,0124,2021,51000
03,0124,2022,55500
03,0124,2023,57500
03,0124,2024,56500
03,0124,2025,55000
03,0130,1970,673
03,0130,1971,881
03,0130,1972,598
03,0130,1973,619
03,0130,1974,802
03,0130,1975,1280
03,0130,1976,1133
03,0130,1977,1573
03,0130,1985,1098
03,0130,1986,1147
03,0130,1987,1224
03,0131,1977,443
03,0132,1970,2821
03,0132,1971,3002
03,0132,1972,3697
03,0132,1973,3360
03,0132,1974,3710
03,0132,1975,5028
03,0132,1976,3690
03,0132,1977,4558
03,0132,1978,6223
03,0132,1979,7225
03,0132,1980,9610
03,0132,1981,9113
03,0132,1982,10795
03,0132,1983,10589
03,0132,1984,11197
03,0132,1985,11033
03,0132,1986,12903
03,0132,1987,12262
03,0132,1988,12638
03,0132,1989,12793
03,0133,1970,1631
03,0133,1971,1398
03,0133,1972,1816
03,0133,1973,1690
03,0133,1974,1430
03,0133,1976,1210
03,0133,1977,7218
03,0134,1970,1557
03,0134,1971,1372
03,0134,1972,1899
03,0134,1973,1794
03,0134,1977,1208
03,0138,1970,1729
03,0138,1971,2315
03,0138,1972,2184
03,0138,1973,1888
03,0138,1974,2964
03,0138,1975,2939
03,0138,1976,3478
03,0138,1977,3625
03,0138,1978,3223
03,0138,1979,5140
03,0138,1980,4423
03,0138,1981,5237
03,0138,1982,7995
03,0138,1983,5231
03,0138,1984,7843
03,0138,1985,6039
03,0138,1987,9276
03,0139,1970,4256
03,0139,1971,4178
03,0139,1972,5092
03,0139,1973,7262
03,0139,1974,6860
03,0139,1975,8452
03,0139,1976,5375
03,0139,1977,13063
03,0140,1970,5533
03,0140,1971,4978
03,0140,1972,5680
03,0140,1973,8377
03,0140,1974,8645
03,0140,1975,6780
03,0140,1976,8347
03,0140,1977,9310
03,0140,1987,12009
03,0141,1970,219
03,0141,1971,242
03,0141,1972,215
03,0141,1973,266
03,0141,1974,280
03,0141,1975,565
03,0141,1977,147
03,0141,1978,230
03,0143,1974,3880
03,0143,1975,3955
03,0143,1976,4285
03,0143,1977,4375
03,0143,1978,4880
03,0143,1979,5151
03,0143,1980,4763
03,0143,1981,4535
03,0143,1982,4545
03,0143,1983,4888
03,0143,1984,4853
03,0143,1985,4924
03,0143,1986,5269
03,0143,1987,6013
03,0143,1988,6281
03,0143,1989,6966
03,0143,1990,7092
03,0143,1991,7279
03,0143,1998,9179
03,0143,1999,9988
03,0143,2000,10524
03,0143,2001,11247
03,0143,2002,11926
03,0143,2003,12435
03,0143,2004,13336
03,0143,2005,14332
03,0143,2006,15372
03,0143,2007,15568
03,0143,2008,13952
03,0143,2009,14629
03,0143,2010,14270
03,0143,2011,13939
03,0143,2012,13722
03,0143,2013,14038
03,0143,2014,14678
03,0143,2015,15771
03,0143,2016,16450
03,0143,2017,17355
03,0143,2018,17994
03,0143,2019,18495
03,0143,2020,16112
03,0143,2021,16100
03,0143,2022,19721
03,0143,2023,22092
03,0143,2024,22930
03,0143,2025,23500
03,0144,1970,2062
03,0144,1971,1487
03,0144,1972,1517
03,0144,1973,1678
03,0144,1974,2181
03,0144,1975,3269
03,0144,1976,2377
03,0144,1977,2990
03,0144,1978,3108
03,0144,1979,3243
03,0144,1980,3360
03,0144,1981,3820
03,0144,1982,3525
03,0144,1983,3225
03,0144,1984,3160
03,0144,1985,3412
03,0144,1986,3754
03,0144,1987,4794
03,0144,1988,4583
03,0144,1989,4198
03,0146,1970,1838
03,0146,1971,1199
03,0146,1972,1521
03,0146,1973,1192
03,0146,1974,861
03,0146,1975,735
03,0146,1976,745
03,0146,1977,760
03,0147,1970,595
03,0147,1971,467
03,0147,1972,668
03,0147,1973,733
03,0147,1977,540
03,0148,1970,2779
03,0148,1971,3381
03,0148,1972,3254
03,0148,1973,3413
03,0148,1974,3240
03,0148,1975,2838
03,0148,1976,3720
03,0148,1977,4363
03,0148,1978,3178
03,0148,1979,4658
03,0148,1980,4103
03,0148,1981,3595
03,0148,1982,4165
03,0148,1984,3438
03,0148,1985,2763
03,0148,1986,6588
03,0148,1987,3558
03,0149,1970,982
03,0149,1971,821
03,0149,1972,626
03,0149,1973,937
03,0149,1974,1285
03,0149,1975,1421
03,0149,1977,1397
03,0150,1970,1484
03,0150,1971,1478
03,0150,1972,1428
03,0150,1973,1882
03,0150,1974,2475
03,0150,1975,2468
03,0150,1976,2005
03,0150,1977,2168
03,0150,1978,3200
03,0150,1979,4417
03,0150,1980,3458
03,0150,1981,5225
03,0150,1982,6495
03,0150,1983,6769
03,0150,1984,7081
03,0150,1985,2890
03,0150,1986,3645
03,0150,1987,3923
03,0151,1977,1458
03,0152,1977,325
03,0153,1977,4750
03,0155,1970,911
03,0155,1971,1597
03,0155,1972,1233
03,0155,1973,1336
03,0155,1974,1335
03,0155,1975,1538
03,0155,1976,2045
03,0155,1977,2458
03,0155,1978,2945
03,0155,1979,3728
03,0155,1980,4540
03,0155,1981,5685
03,0155,1982,4540
03,0155,1983,4938
03,0155,1984,5643
03,0155,1985,7088
03,0155,1986,8445
03,0155,1987,9002
03,0156,1978,420
03,0157,1970,2079
03,0157,1971,3059
03,0157,1972,4427
03,0157,1973,4865
03,0157,1975,6320
03,0157,1976,5965
03,0157,1977,5913
03,0157,1978,7855
03,0157,1979,9755
03,0157,1980,10718
03,0157,1981,11895
03,0157,1982,12368
03,0157,1983,11195
03,0157,1984,11418
03,0157,1985,12756
03,0157,1986,14653
03,0157,1987,13988
03,0157,1988,16158
03,0157,1989,15854
03,0157,1990,19782
03,0157,1991,20277
03,0157,1992,22500
03,0157,1993,22500
03,0157,1994,22500
03,0157,1995,25000
03,0157,1996,25500
03,0157,1997,25000
03,0157,1998,29000
03,0157,1999,26000
03,0157,2000,31000
03,0157,2001,31500
03,0157,2002,29000
03,0157,2003,35000
03,0157,2004,35000
03,0157,2005,33000
03,0157,2006,33000
03,0157,2007,35500
03,0157,2008,30000
03,0157,2009,30000
03,0157,2010,31000
03,0157,2011,31000
03,0157,2012,28500
03,0157,2013,28500
03,0157,2014,30000
03,0157,2015,33000
03,0157,2016,41500
03,0157,2017,41000
03,0157,2018,40000
03,0157,2019,40500
03,0157,2020,33000
03,0157,2021,37500
03,0157,2022,38500
03,0157,2023,41000
03,0157,2024,41000
03,0157,2025,41000
03,0158,1970,3360
03,0158,1971,3339
03,0158,1972,3994
03,0158,1973,3815
03,0158,1974,4411
03,0158,1975,5594
03,0158,1976,6380
03,0158,1977,9085
03,0158,1985,11214
03,0158,1986,14088
03,0158,1987,16928
03,0158,1988,17085
03,0158,1989,16418
03,0158,1990,24206
03,0158,1991,22977
03,0158,1992,23000
03,0158,1993,26000
03,0158,1994,28000
03,0158,1995,28500
03,0158,2008,61900
03,0158,2009,31500
03,0158,2010,30500
03,0158,2011,31000
03,0158,2012,31000
03,0158,2013,31000
03,0158,2014,32500
03,0158,2015,36000
03,0158,2016,38000
03,0158,2017,39000
03,0158,2018,33000
03,0158,2019,34500
03,0158,2020,33500
03,0158,2021,34500
03,0158,2022,35500
03,0158,2023,34000
03,0158,2024,35000
03,0158,2025,35000
03,0159,1976,6370
03,0159,1977,3198
03,0159,1978,9795
03,0159,1979,16705
03,0159,1980,19050
03,0159,1983,26451
03,0159,1984,26040
03,0159,1985,28106
03,0160,1970,1359
03,0160,1971,1779
03,0160,1972,2402
03,0160,1973,3266
03,0160,1975,3788
03,0160,1985,10855
03,0160,1986,12951
03,0160,1987,15584
03,0160,2001,52500
03,0160,2002,51000
03,0160,2003,52500
03,0160,2004,53000
03,0160,2005,57000
03,0160,2006,52500
03,0160,2007,53000
03,0160,2008,46000
03,0160,2009,46500
03,0160,2010,49500
03,0160,2011,49500
03,0160,2012,48500
03,0160,2013,50500
03,0160,2014,51500
03,0160,2015,55500
03,0160,2016,57500
03,0160,2017,59500
03,0160,2018,50000
03,0160,2019,53500
03,0160,2020,52500
03,0160,2021,54500
03,0160,2022,56500
03,0160,2023,58500
03,0160,2024,60500
03,0160,2025,60500
03,0161,1970,581
03,0161,1971,713
03,0161,1972,892
03,0161,1973,1184
03,0161,1974,1601
03,0161,1975,1752
03,0161,1976,1920
03,0161,1985,3513
03,0161,1986,3361
03,0161,1987,3654
03,0162,1970,5735
03,0162,1971,6136
03,0162,1972,4463
03,0162,1973,5212
03,0162,1974,6043
03,0162,1975,6961
03,0162,1976,6560
03,0164,1970,2175
03,0164,1971,2073
03,0164,1972,3042
03,0164,1973,3109
03,0164,1974,3064
03,0164,1975,4075
03,0164,1976,3905
03,0164,1977,4490
03,0164,1985,6968
03,0164,1986,8508
03,0164,1987,8060
03,0165,1970,1190
03,0165,1971,1784
03,0165,1972,1246
03,0165,1973,1713
03,0165,1974,1852
03,0165,1975,2077
03,0165,1976,1500
03,0165,1977,1938
03,0166,1970,1445
03,0166,1971,1713
03,0166,1972,1537
03,0166,1973,1971
03,0166,1974,2484
03,0166,1975,2858
03,0166,1976,2713
03,0166,1977,2590
03,0166,1978,3043
03,0166,1979,4670
03,0166,1980,4915
03,0166,1981,6363
03,0166,1982,8018
03,0166,1983,8828
03,0166,1984,9124
03,0166,1985,7339
03,0166,1986,8818
03,0166,1987,9737
03,0167,1970,2045
03,0167,1971,1828
03,0167,1972,1931
03,0167,1973,2466
03,0167,1974,3149
03,0167,1975,3212
03,0167,1976,3150
03,0167,1977,3035
03,0167,1978,4195
03,0167,1979,5108
03,0167,1980,6423
03,0167,1981,6735
03,0167,1982,7853
03,0167,1983,9464
03,0167,1984,10185
03,0167,1985,7289
03,0167,1986,8598
03,0167,1987,7525
03,0167,1988,8769
03,0167,1989,8657
03,0168,1970,121
03,0168,1971,93
03,0168,1972,250
03,0168,1973,280
03,0168,1974,370
03,0168,1975,462
03,0168,1977,618
03,0168,1985,275
03,0168,1986,359
03,0168,1987,955
03,0169,1970,1337
03,0169,1971,1218
03,0169,1972,1004
03,0169,1973,1206
03,0169,1974,1620
03,0169,1975,1724
03,0169,1976,1515
03,0169,1977,1978
03,0169,1978,1340
03,0169,1979,1680
03,0169,1980,1603
03,0169,1981,1813
03,0169,1982,1360
03,0169,1983,2050
03,0169,1984,2275
03,0169,1985,1909
03,0169,1986,2704
03,0169,1987,2574
03,0169,1988,2885
03,0169,1989,3074
03,0170,1970,2138
03,0170,1971,1341
03,0170,1972,2185
03,0170,1973,1247
03,0170,1974,2181
03,0170,1975,3301
03,0170,1976,2900
03,0170,1985,4853
03,0170,1986,6425
03,0170,1987,5504
03,0170,1988,6480
03,0170,1989,5669
03,0170,1990,5494
03,0170,1991,6460
03,0170,1992,7500
03,0170,1993,8400
03,0170,1994,7900
03,0170,1995,8400
03,0170,1996,8400
03,0170,1997,7900
03,0170,1998,9400
03,0170,1999,10900
03,0170,2000,11500
03,0170,2001,13100
03,0170,2002,13500
03,0170,2003,13400
03,0170,2004,14300
03,0170,2005,14400
03,0170,2006,14600
03,0170,2007,14000
03,0170,2008,13200
03,0170,2009,11800
03,0170,2010,11300
03,0170,2011,11300
03,0170,2012,10500
03,0170,2013,10500
03,0170,2014,11100
03,0170,2015,13200
03,0170,2016,13400
03,0170,2017,12800
03,0170,2018,13400
03,0170,2019,14500
03,0170,2020,12900
03,0170,2021,14900
03,0170,2022,15300
03,0170,2023,16500
03,0170,2024,16400
03,0170,2025,16400
03,0171,1970,2162
03,0171,1971,1387
03,0171,1972,1457
03,0171,1973,1798
03,0171,1974,2540
03,0171,1975,2915
03,0171,1976,1583
03,0171,1977,2120
03,0171,1978,2180
03,0171,1979,2445
03,0171,1980,2393
03,0171,1981,2758
03,0171,1982,2775
03,0171,1983,3415
03,0171,1984,4180
03,0171,1985,4706
03,0171,1986,4410
03,0171,1987,4738
03,0172,1970,2213
03,0172,1971,1436
03,0172,1972,1421
03,0172,1973,1468
03,0172,1974,1351
03,0172,1975,1581
03,0172,1976,1640
03,0172,1977,2177
03,0172,1978,2547
03,0172,1979,2168
03,0172,1980,1790
03,0173,1970,2248
03,0173,1971,1828
03,0173,1972,1630
03,0173,1973,1708
03,0173,1974,2811
03,0173,1975,2741
03,0173,1976,1875
03,0173,1977,1815
03,0173,1978,2630
03,0173,1980,2697
03,0173,1981,2600
03,0173,1982,3433
03,0173,1983,3670
03,0173,1984,4144
03,0173,1985,4777
03,0173,1986,5388
03,0173,1987,3800
03,0173,1988,4467
03,0173,1989,3825
03,0173,1990,5209
03,0173,1991,7709
03,0173,1992,8600
03,0173,1993,10600
03,0173,1994,8600
03,0173,1995,9500
03,0173,1996,10500
03,0173,1997,12200
03,0173,1998,12100
03,0173,1999,12400
03,0173,2000,12400
03,0173,2001,15700
03,0173,2002,15600
03,0173,2003,18700
03,0173,2004,20400
03,0173,2005,18500
03,0173,2006,19700
03,0173,2007,18700
03,0173,2008,17500
03,0173,2009,16000
03,0173,2010,17500
03,0173,2011,17200
03,0173,2012,17100
03,0173,2013,22000
03,0173,2014,19800
03,0173,2015,20500
03,0173,2016,22500
03,0173,2017,24000
03,0173,2018,22000
03,0173,2019,23000
03,0173,2020,22000
03,0173,2021,23500
03,0173,2022,27500
03,0173,2023,26000
03,0173,2024,26500
03,0173,2025,26000
03,0174,1970,2038
03,0174,1971,2025
03,0174,1972,1547
03,0174,1973,1564
03,0174,1974,1703
03,0174,1975,2033
03,0174,1976,1320
03,0174,1977,2133
03,0175,1976,13600
03,0175,1977,15240
03,0175,1978,12638
03,0175,1979,16075
03,0175,1980,12975
03,0175,1983,24272
03,0175,1984,23008
03,0175,1985,24846
03,0175,1986,29140
03,0175,1987,27329
03,0175,1988,28445
03,0175,1989,27263
03,0175,1990,32260
03,0175,1991,31765
03,0175,1992,33000
03,0175,1993,31000
03,0175,1994,34000
03,0175,1995,34000
03,0175,2001,51500
03,0175,2002,43000
03,0175,2003,47500
03,0175,2004,49000
03,0175,2005,48500
03,0175,2006,43500
03,0175,2007,44000
03,0175,2008,50000
03,0175,2009,49000
03,0175,2010,41500
03,0175,2011,41500
03,0175,2012,40500
03,0175,2013,43000
03,0175,2014,44000
03,0175,2015,44500
03,0175,2016,46500
03,0175,2017,48000
03,0175,2018,43500
03,0175,2019,43500
03,0175,2020,42500
03,0175,2021,44500
03,0175,2022,46500
03,0175,2023,51500
03,0175,2024,53500
03,0175,2025,53500
03,0176,1976,3620
03,0176,1977,3155
03,0176,1978,4863
03,0176,1979,6577
03,0176,1980,6050
03,0176,1981,7773
03,0176,1982,8543
03,0176,1983,9413
03,0176,1984,10514
03,0176,1985,9899
03,0176,1986,11999
03,0176,1987,11550
03,0176,1988,11812
03,0176,1989,11324
03,0176,1990,17044
03,0176,1991,17981
03,0176,1992,18600
03,0176,1993,18200
03,0176,1994,18900
03,0176,1995,20000
03,0176,1996,19800
03,0176,1997,18000
03,0176,1998,22000
03,0176,1999,24500
03,0176,2000,27500
03,0176,2001,29000
03,0176,2002,30000
03,0176,2003,28500
03,0176,2004,30500
03,0176,2005,29500
03,0176,2006,30500
03,0176,2007,28000
03,0176,2008,25000
03,0176,2009,24500
03,0176,2010,23500
03,0176,2011,23500
03,0176,2012,26000
03,0176,2013,23000
03,0176,2014,23000
03,0176,2015,28000
03,0176,2016,25000
03,0176,2017,24500
03,0176,2018,24500
03,0176,2019,27000
03,0176,2020,22000
03,0176,2021,26500
03,0176,2022,27500
03,0176,2023,26000
03,0176,2024,27000
03,0176,2025,27000
03,0177,1976,12500
03,0177,1977,12573
03,0177,1978,10333
03,0177,1979,12293
03,0177,1980,12070
03,0177,1983,19119
03,0177,1984,21494
03,0177,1985,19046
03,0177,1986,25723
03,0177,1987,21712
03,0177,1988,23566
03,0177,1989,23437
03,0177,1990,26869
03,0177,1991,25609
03,0177,1992,27000
03,0177,1993,25500
03,0177,1994,27000
03,0177,1995,28000
03,0177,2008,36500
03,0177,2009,35500
03,0177,2010,34500
03,0177,2011,26500
03,0177,2012,26500
03,0177,2013,30500
03,0177,2014,30500
03,0177,2015,31000
03,0177,2016,32000
03,0177,2017,33000
03,0177,2018,29500
03,0177,2019,32500
03,0177,2020,31500
03,0177,2021,32500
03,0177,2022,33500
03,0177,2023,34000
03,0177,2024,35000
03,0177,2025,35000
03,0178,1976,10100
03,0178,1977,11448
03,0178,1978,14408
03,0178,1979,14788
03,0178,1980,14165
03,0178,1981,17156
03,0178,1982,17265
03,0178,1983,16631
03,0178,1984,17007
03,0178,1985,16102
03,0178,1986,18706
03,0178,1987,17989
03,0178,1988,19208
03,0178,1989,18807
03,0178,1990,18590
03,0178,1991,22378
03,0178,1992,20900
03,0178,1993,20800
03,0178,1994,22000
03,0178,1995,23000
03,0178,1996,23500
03,0178,1997,21500
03,0178,1998,23500
03,0178,1999,25500
03,0178,2000,28000
03,0178,2001,30000
03,0178,2002,33500
03,0178,2003,31500
03,0178,2004,33000
03,0178,2005,34000
03,0178,2006,33000
03,0178,2007,32500
03,0178,2008,27000
03,0178,2009,26000
03,0178,2010,21500
03,0178,2011,21500
03,0178,2012,24500
03,0178,2013,23500
03,0178,2014,23500
03,0178,2015,28500
03,0178,2016,26000
03,0178,2017,24500
03,0178,2018,24000
03,0178,2019,25500
03,0178,2020,21000
03,0178,2021,24500
03,0178,2022,24000
03,0178,2023,26000
03,0178,2024,27000
03,0178,2025,30000
03,0179,1976,11140
03,0179,1977,14058
03,0179,1978,14131
03,0179,1979,15053
03,0179,1980,14339
03,0179,1981,15528
03,0179,1982,12033
03,0179,1983,13979
03,0179,1984,15361
03,0179,1985,15829
03,0179,1986,17121
03,0179,1987,16401
03,0179,2010,37000
03,0179,2011,36500
03,0179,2012,35500
03,0179,2013,35500
03,0179,2014,36000
03,0179,2015,39500
03,0179,2016,38500
03,0179,2017,39000
03,0179,2018,39000
03,0179,2019,40000
03,0179,2020,33500
03,0179,2021,40500
03,0179,2022,40500
03,0179,2023,41500
03,0179,2024,41500
03,0179,2025,41500
03,0180,1978,835
03,0180,1979,775
03,0180,1980,643
03,0180,1981,895
03,0180,1982,778
03,0180,1983,748
03,0180,1984,880
03,0180,1985,1000
03,0181,1978,1605
03,0181,1979,1648
03,0181,1980,1645
03,0181,1981,1613
03,0181,1982,1888
03,0181,1983,1517
03,0181,1984,1670
03,0181,1985,1717
03,0181,1986,1751
03,0181,1987,1772
03,0182,1978,1405
03,0182,1979,1213
03,0182,1980,1295
03,0182,1981,1530
03,0182,1982,1608
03,0182,1983,1151
03,0182,1984,1035
03,0182,1985,1281
03,0182,1986,1183
03,0182,1987,835
03,0182,1988,734
03,0182,1989,717
03,0182,1991,920
03,0182,1992,1100
03,0182,1993,1000
03,0182,1994,900
03,0182,1995,900
03,0182,1996,1350
03,0182,1997,1200
03,0182,1998,1100
03,0182,1999,1550
03,0182,2000,1550
03,0182,2001,1650
03,0182,2002,2050
03,0182,2003,1900
03,0182,2004,2600
03,0182,2005,2800
03,0182,2006,3000
03,0182,2007,2700
03,0182,2008,2600
03,0182,2009,2900
03,0182,2010,2300
03,0182,2011,2300
03,0182,2012,2200
03,0182,2013,2700
03,0182,2014,2700
03,0182,2015,3000
03,0182,2016,3200
03,0182,2017,3000
03,0182,2018,3100
03,0182,2019,3300
03,0182,2020,3300
03,0182,2021,3400
03,0182,2022,5100
03,0182,2023,7000
03,0182,2024,8200
03,0182,2025,8200
03,0183,1978,3508
03,0183,1979,3398
03,0183,1980,2890
03,0183,1981,3058
03,0183,1982,2980
03,0183,1983,3155
03,0183,1984,2686
03,0183,1985,2931
03,0183,1986,3073
03,0183,1987,3466
03,0183,1988,3573
03,0183,1989,3064
03,0183,1991,3710
03,0183,1992,4400
03,0183,1993,4600
03,0183,1994,4500
03,0183,1995,4500
03,0183,1996,5900
03,0183,1997,5800
03,0183,1998,6200
03,0183,1999,5800
03,0183,2000,6200
03,0183,2001,6800
03,0183,2002,7400
03,0183,2003,8000
03,0183,2004,9500
03,0183,2005,12800
03,0183,2006,10800
03,0183,2007,10500
03,0183,2008,9500
03,0183,2009,10200
03,0183,2010,9800
03,0183,2011,10000
03,0183,2012,9600
03,0183,2013,10000
03,0183,2014,10400
03,0183,2015,10900
03,0183,2016,12000
03,0183,2017,13200
03,0183,2018,12800
03,0183,2019,13200
03,0183,2020,12200
03,0183,2021,16900
03,0183,2022,16200
03,0183,2023,17800
03,0183,2024,18800
03,0183,2025,20800
03,0184,1978,4110
03,0184,1979,3285
03,0184,1980,3035
03,0184,1981,2760
03,0184,1982,3223
03,0184,1983,2671
03,0184,1984,2669
03,0184,1985,2659
03,0184,1986,3324
03,0184,1987,3514
03,0184,2011,4800
03,0184,2012,5200
03,0184,2013,5200
03,0184,2014,5400
03,0184,2015,5000
03,0184,2016,5200
03,0184,2017,6200
03,0184,2018,5900
03,0184,2019,6100
03,0184,2020,5600
03,0184,2021,6400
03,0184,2022,6600
03,0184,2023,7200
03,0184,2024,7400
03,0184,2025,8300
03,0185,1978,11968
03,0185,1979,11155
03,0185,1980,11690
03,0185,1981,13695
03,0185,1982,14825
03,0185,1983,13064
03,0185,1984,14574
03,0185,1985,17477
03,0185,1986,23816
03,0185,1987,22255
03,0185,1988,21309
03,0185,1989,19988
03,0185,1990,25812
03,0185,1991,24692
03,0185,1992,23500
03,0185,1993,25000
03,0185,1994,25500
03,0185,1995,24500
03,0186,1983,9478
03,0186,1984,10841
03,0186,1985,5615
03,0187,1983,8411
03,0187,1984,9372
03,0187,1985,5666
03,0187,1986,5881
03,0187,1987,6408
03,0187,1988,7317
03,0187,1989,6958
03,0188,1983,10049
03,0188,1984,11681
03,0188,1985,13009
03,0188,1986,12195
03,0188,1987,12927
03,0188,1988,14725
03,0188,1989,14805
03,0188,1997,18200
03,0188,1998,19600
03,0188,1999,17100
03,0188,2000,16900
03,0188,2001,18600
03,0188,2002,19300
03,0188,2003,19600
03,0189,1983,9381
03,0189,1984,10489
03,0189,1985,11443
03,0189,1986,12359
03,0189,1987,12648
03,0189,1988,14037
03,0189,1989,13453
03,0189,1990,18820
03,0189,1991,17014
03,0189,1992,17500
03,0189,1993,18500
03,0189,1994,20000
03,0189,1995,19500
03,0189,1996,21000
03,0189,1997,21500
03,0189,1998,22500
03,0189,1999,22000
03,0189,2000,22000
03,0189,2001,24000
03,0189,2002,23000
03,0189,2003,25500
03,0189,2004,26500
03,0189,2005,25000
03,0189,2006,24500
03,0189,2007,25000
03,0189,2008,23000
03,0189,2009,23000
03,0189,2010,22000
03,0189,2011,22000
03,0189,2012,22000
03,0189,2013,14000
03,0189,2014,14200
03,0189,2015,17500
03,0189,2016,21000
03,0189,2017,20000
03,0189,2018,18900
03,0189,2019,19400
03,0189,2020,13800
03,0189,2021,16100
03,0189,2022,14700
03,0189,2023,15300
03,0189,2024,15100
03,0189,2025,13100
03,0190,1988,17819
03,0190,1989,16190
03,0190,1990,20367
03,0190,1991,22390
03,0190,1992,25000
03,0190,1993,26000
03,0190,1994,28000
03,0190,1995,28000
03,0190,1996,28000
03,0190,1997,30000
03,0190,1998,33500
03,0190,1999,33500
03,0190,2000,36500
03,0190,2001,42000
03,0190,2002,43500
03,0190,2003,45000
03,0190,2004,52000
03,0190,2005,53000
03,0190,2006,47500
03,0190,2007,51000
03,0190,2008,42500
03,0190,2009,43500
03,0190,2010,40000
03,0190,2011,40000
03,0190,2012,39000
03,0190,2013,40000
03,0190,2014,45000
03,0190,2015,48000
03,0190,2016,55000
03,0190,2017,48000
03,0190,2018,48500
03,0190,2019,58000
03,0190,2020,51500
03,0190,2021,64500
03,0190,2022,75000
03,0190,2023,67500
03,0190,2024,66500
03,0190,2025,66500
03,0191,1991,26522
03,0191,1992,27100
03,0191,1993,29866
03,0191,1994,30613
03,0191,1995,31197
03,0191,1996,32871
03,0191,1997,37159
03,0191,1998,40137
03,0191,1999,44648
03,0191,2000,47861
03,0191,2001,51928
03,0191,2002,54616
03,0191,2003,58335
03,0191,2004,61378
03,0191,2005,60821
03,0191,2006,62001
03,0191,2007,63147
03,0191,2008,56985
03,0191,2009,58578
03,0191,2010,59784
03,0191,2011,61224
03,0191,2012,62897
03,0191,2013,65423
03,0191,2014,70332
03,0191,2015,76809
03,0191,2016,80453
03,0191,2017,82348
03,0191,2018,89362
03,0191,2019,89215
03,0191,2020,75323
03,0191,2021,89884
03,0191,2022,89105
03,0191,2023,90376
03,0191,2024,98123
03,0191,2025,92396
03,0192,1993,34500
03,0192,1994,33500
03,0192,1995,28500
03,0192,1996,35000
03,0192,1997,41500
03,0192,1998,41000
03,0192,1999,39000
03,0192,2000,38500
03,0192,2001,38500
03,0192,2002,47000
03,0192,2003,47500
03,0192,2004,52000
03,0192,2005,53000
03,0192,2006,52000
03,0192,2007,50500
03,0192,2008,50500
03,0192,2009,46500
03,0192,2010,48500
03,0192,2011,48500
03,0192,2012,47000
03,0192,2013,48000
03,0192,2014,48000
03,0192,2015,49500
03,0192,2016,50000
03,0192,2017,47000
03,0192,2018,47000
03,0192,2019,53500
03,0192,2020,41000
03,0192,2021,52000
03,0192,2022,55000
03,0192,2023,57000
03,0192,2024,56500
03,0192,2025,60000
03,0193,1993,14500
03,0193,1994,15500
03,0193,1995,17000
03,0193,1996,16500
03,0193,1997,15500
03,0193,1998,16500
03,0193,1999,16900
03,0193,2000,19000
03,0193,2001,21500
03,0193,2002,21500
03,0193,2003,22500
03,0193,2004,24000
03,0193,2005,25000
03,0193,2006,24000
03,0193,2007,22000
03,0193,2008,18900
03,0193,2009,18600
03,0193,2010,17400
03,0193,2011,17200
03,0193,2012,17000
03,0193,2013,16300
03,0193,2014,16500
03,0193,2015,22000
03,0193,2016,23500
03,0193,2017,22000
03,0193,2018,24500
03,0193,2019,24500
03,0193,2020,22500
03,0193,2021,26000
03,0193,2022,26000
03,0193,2023,28000
03,0193,2024,29000
03,0193,2025,27500
03,0194,1994,9300
03,0194,1995,9300
03,0194,1996,9500
03,0194,1997,9900
03,0194,1998,9700
03,0194,1999,10400
03,0194,2000,10100
03,0194,2001,11700
03,0194,2002,11600
03,0194,2003,10400
03,0194,2004,12100
03,0194,2005,11000
03,0194,2006,11200
03,0194,2007,12100
03,0194,2008,10700
03,0194,2009,10700
03,0194,2010,10700
03,0194,2011,10700
03,0194,2012,9800
03,0194,2013,10300
03,0194,2014,10500
03,0194,2015,10900
03,0194,2016,15200
03,0194,2017,15700
03,0194,2018,18100
03,0194,2019,20000
03,0194,2020,16400
03,0194,2021,22500
03,0194,2022,21000
03,0194,2023,24500
03,0194,2024,25500
03,0194,2025,25500
03,0195,1994,17400
03,0195,1995,18000
03,0195,1996,18600
03,0195,1997,16900
03,0195,1998,21000
03,0195,1999,23500
03,0195,2000,26500
03,0195,2001,32500
03,0195,2002,30500
03,0195,2003,30000
03,0195,2004,32000
03,0195,2005,32000
03,0195,2006,32000
03,0195,2007,30500
03,0195,2008,29500
03,0195,2009,28500
03,0195,2010,26000
03,0195,2011,26000
03,0195,2012,23000
03,0195,2013,23000
03,0195,2014,23500
03,0195,2015,27000
03,0195,2016,27000
03,0195,2017,28000
03,0195,2018,25000
03,0195,2019,29000
03,0195,2020,21000
03,0195,2021,28000
03,0195,2022,26000
03,0195,2023,28000
03,0195,2024,29000
03,0195,2025,30000
03,0200,1999,8000
03,0200,2000,9400
03,0200,2001,8800
03,0200,2002,9700
03,0200,2003,9200
03,0200,2004,10000
03,0200,2005,11000
03,0200,2006,12200
03,0200,2007,12300
03,0200,2008,10400
03,0200,2009,11000
03,0200,2010,11100
03,0200,2011,11300
03,0200,2012,10400
03,0200,2013,10700
03,0200,2014,11100
03,0200,2015,11500
03,0200,2016,12800
03,0200,2017,14200
03,0200,2018,13300
03,0200,2019,13700
03,0200,2020,12700
03,0200,2021,17300
03,0200,2022,16300
03,0200,2023,17900
03,0200,2024,18900
03,0200,2025,22000
03,0201,2018,300
03,0201,2019,300
03,0201,2020,300
03,0201,2021,300
03,0201,2022,300
03,0201,2023,300
03,0201,2024,300
03,0201,2025,300
03,0205,1999,8700
03,0205,2000,8400
03,0205,2001,7800
03,0205,2002,8300
03,0205,2003,8600
03,0205,2004,8500
03,0205,2005,8800
03,0205,2006,8200
03,0205,2007,8300
03,0205,2008,6400
03,0205,2009,5900
03,0205,2010,5200
03,0205,2011,5200
03,0205,2012,5300
03,0205,2013,4400
03,0205,2014,4600
03,0205,2015,5600
03,0205,2016,6000
03,0205,2017,7500
03,0205,2018,7400
03,0205,2019,7500
03,0205,2020,6900
03,0205,2021,8300
03,0205,2022,7800
03,0205,2023,8800
03,0205,2024,9300
03,0205,2025,9900
03,0210,1999,13100
03,0210,2000,16200
03,0210,2001,15100
03,0210,2002,15700
03,0210,2003,15800
03,0211,1999,15000
03,0211,2000,15600
03,0211,2001,17700
03,0211,2002,16300
03,0211,2003,17700
03,0270,1994,2280
03,0270,1995,2887
03,0270,1996,2914
03,0270,1997,2845
03,0270,1998,2875
03,0270,1999,3056
03,0270,2000,3019
03,0270,2001,3025
03,0270,2002,3056
03,0270,2003,2915
03,0270,2004,2951
03,0270,2005,2828
03,0270,2006,2865
03,0270,2007,2876
03,0270,2008,2505
03,0270,2009,2995
03,0270,2010,2699
03,0270,2011,2659
03,0270,2012,2477
03,0270,2013,2500
03,0270,2014,2662
03,0270,2015,2891
03,0270,2016,3026
03,0270,2017,2903
03,0270,2018,2875
03,0270,2019,3137
03,0270,2020,2831
03,0270,2021,3293
03,0270,2022,3515
03,0270,2023,3638
03,0270,2024,3673
03,0270,2025,3667
03,0271,2018,400
03,0271,2019,1850
03,0271,2020,1850
03,0271,2021,2400
03,0271,2022,2400
03,0271,2023,2600
03,0271,2024,2800
03,0271,2025,3200
03,0272,2018,200
03,0272,2019,300
03,0272,2020,300
03,0272,2021,190
03,0272,2022,190
03,0272,2023,200
03,0272,2024,210
03,0272,2025,230
03,0273,2021,3300
03,0273,2022,3300
03,0273,2023,3500
03,0273,2024,3700
03,0273,2025,3700
03,0351,2000,15681
03,0351,2001,17021
03,0351,2002,18351
03,0351,2003,19230
03,0351,2004,20461
03,0351,2005,21563
03,0351,2006,22029
03,0351,2007,21141
03,0351,2008,19033
03,0351,2009,19114
03,0351,2010,19484
03,0351,2011,19204
03,0351,2012,19444
03,0351,2013,20221
03,0351,2014,21320
03,0351,2015,23127
03,0351,2016,24597
03,0351,2017,24968
03,0351,2018,24970
03,0351,2019,26404
03,0351,2020,20830
03,0351,2021,26851
03,0351,2022,28521
03,0351,2023,29848
03,0351,2024,30214
03,0351,2025,31302
03,2000,1985,8309
03,2000,1986,7592
03,2000,1987,8376
03,2000,1988,8698
03,2000,1989,8194
03,2000,1990,13707
03,2000,1991,14156
03,2000,1992,16100
03,2000,1993,19400
03,2000,1994,19500
03,2000,1995,18300
03,2000,1996,16700
03,2000,1997,23500
03,2000,1998,24500
03,2000,1999,27000
03,2000,2000,28500
03,2000,2001,31000
03,2000,2002,32000
03,2000,2003,35500
03,2000,2004,41000
03,2000,2005,37000
03,2000,2006,28500
03,2000,2007,33500
03,2000,2008,32500
03,2000,2009,34000
03,2000,2010,32500
03,2000,2011,31500
03,2000,2012,31000
03,2000,2013,34500
03,2000,2014,36500
03,2000,2015,40500
03,2000,2016,39500
03,2000,2017,43500
03,2000,2018,41500
03,2000,2019,45000
03,2000,2020,39000
03,2000,2021,45500
03,2000,2022,49000
03,2000,2023,49500
03,2000,2024,52500
03,2000,2025,47500
03,2001,1985,12666
03,2001,1986,13096
03,2001,1987,15901
03,2001,1988,15832
03,2001,1989,14237
03,2001,1990,23250
03,2001,1991,24007
03,2001,1992,28000
03,2001,1993,30000
03,2001,1994,28500
03,2001,1995,31500
03,2001,1996,32000
03,2001,1997,36500
03,2002,1983,9928
03,2002,1984,10714
03,2002,1985,14202
03,2002,1986,15146
03,2002,1987,16588
03,2002,1990,27367
03,2002,1991,28715
03,2002,1992,31000
03,2002,1993,35000
03,2002,1994,38000
03,2002,1995,39000
03,2002,1996,34000
03,2002,1997,49500
03,2002,1998,56000
03,2002,1999,58000
03,2002,2000,64500
03,2002,2001,67000
03,2002,2002,65500
03,2002,2003,75000
03,2002,2004,85000
03,2002,2005,78500
03,2002,2006,83000
03,2002,2007,80000
03,2002,2008,78000
03,2002,2009,77000
03,2002,2010,75500
03,2002,2011,74500
03,2002,2012,74000
03,2002,2013,87000
03,2002,2014,90500
03,2003,2007,38000
03,2003,2008,37000
03,2003,2009,32500
03,2003,2010,55000
03,2003,2011,55000
03,2003,2012,55000
03,2003,2013,58000
03,2003,2014,64000
03,2003,2015,70000
03,2003,2016,72500
03,2003,2017,79000
03,2003,2018,76500
03,2003,2019,79000
03,2003,2020,70000
03,2003,2021,83000
03,2003,2022,85500
03,2003,2023,83000
03,2003,2024,57000
03,2003,2025,85500
03,2354,2015,5600
03,2354,2016,5800
03,2354,2017,6000
03,2354,2018,5300
03,2354,2019,5400
03,2354,2020,5300
03,2354,2021,5500
03,2354,2022,5700
03,2354,2023,6600
03,2354,2024,6800
03,2354,2025,6800
03,4010,2008,35500
03,4010,2009,34500
03,4010,2010,33500
03,4010,2011,33500
03,4010,2012,33500
03,4010,2013,33500
03,4010,2014,34500
03,4010,2015,37000
03,4010,2016,39000
03,4010,2017,40000
03,4010,2018,34500
03,4010,2019,35500
03,4010,2020,34500
03,4010,2021,35500
03,4010,2022,36500
03,4010,2023,35000
03,4010,2024,36000
03,4010,2025,36000
03,4030,2008,12600
03,4030,2009,12400
03,4030,2010,12200
03,4030,2011,10000
03,4030,2012,9800
03,4030,2013,9800
03,4030,2014,12400
03,4030,2015,12800
03,4030,2016,13400
03,4030,2017,14000
03,4030,2018,9300
03,4030,2019,14200
03,4030,2020,14000
03,4030,2021,14600
03,4030,2022,15000
03,4030,2023,12500
03,4030,2024,12900
03,4030,2025,12900
03,4034,2008,2500
03,4034,2009,2500
03,4034,2010,2500
03,4034,2011,1300
03,4034,2012,1300
03,4034,2013,1300
03,4034,2014,2000
03,4034,2015,2000
03,4034,2016,2000
03,4034,2017,2000
03,4034,2018,1450
03,4034,2019,2100
03,4034,2020,2100
03,4034,2021,2100
03,4034,2022,2100
03,4034,2023,2000
03,4034,2024,2000
03,4034,2025,2000
03,4100,2011,10400
03,4100,2012,10200
03,4100,2013,10200
03,4100,2014,9100
03,4100,2015,9500
03,4100,2016,9500
03,4100,2017,9500
03,4100,2018,10000
03,4100,2019,10000
03,4100,2020,9800
03,4100,2021,10200
03,4100,2022,10400
03,4100,2023,8400
03,4100,2024,8400
03,4100,2025,8400
03,4101,2011,4000
03,4101,2012,3900
03,4101,2013,3900
03,4101,2014,1950
03,4101,2015,2000
03,4101,2016,2000
03,4101,2017,2000
03,4101,2018,1950
03,4101,2019,1950
03,4101,2020,1950
03,4101,2021,2000
03,4101,2022,2000
03,4101,2023,1700
03,4101,2024,1800
03,4101,2025,1800
03,4102,2011,3000
03,4102,2012,3000
03,4102,2013,3000
03,4102,2014,3400
03,4102,2015,3600
03,4102,2016,3800
03,4102,2017,4000
03,4102,2018,2800
03,4102,2019,3300
03,4102,2020,3300
03,4102,2021,3500
03,4102,2022,3600
03,4102,2023,2900
03,4102,2024,3000
03,4102,2025,3000
03,4103,2011,2200
03,4103,2012,2200
03,4103,2013,2200
03,4103,2014,3500
03,4103,2015,3700
03,4103,2016,3900
03,4103,2017,4100
03,4103,2018,2800
03,4103,2019,2800
03,4103,2020,2800
03,4103,2021,3000
03,4103,2022,2900
03,4103,2023,3200
03,4103,2024,3400
03,4103,2025,3400
03,4104,2011,23000
03,4104,2012,23000
03,4104,2013,23000
03,4104,2014,24000
03,4104,2015,25000
03,4104,2016,26000
03,4104,2017,27000
03,4104,2018,23500
03,4104,2019,23500
03,4104,2020,20400
03,4104,2021,21500
03,4104,2022,22000
03,4104,2023,24000
03,4104,2024,25000
03,4104,2025,26500
03,4106,2012,9700
03,4106,2013,9900
03,4106,2014,10300
03,4106,2015,10000
03,4106,2016,10400
03,4106,2017,10800
03,4106,2018,7900
03,4106,2019,8100
03,4106,2020,5500
03,4106,2021,5700
03,4106,2022,5900
03,4106,2023,6300
03,4106,2024,6500
03,4106,2025,7000
03,4107,2011,2700
03,4107,2012,2700
03,4107,2013,2700
03,4107,2014,2500
03,4108,2011,9500
03,4108,2012,9400
03,4108,2013,9400
03,4108,2014,9900
03,4108,2015,10300
03,4108,2016,10700
03,4108,2017,11100
03,4108,2018,10700
03,4108,2019,10900
03,4108,2020,10700
03,4108,2021,11100
03,4108,2022,11000
03,4108,2023,12600
03,4108,2024,13000
03,4108,2025,13000
03,4110,2011,8500
03,4110,2012,8400
03,4110,2013,8400
03,4110,2014,9100
03,4110,2015,9500
03,4110,2016,9900
03,4110,2017,10300
03,4110,2018,10200
03,4110,2019,10400
03,4110,2020,10200
03,4110,2021,10600
03,4110,2022,10200
03,4110,2023,11500
03,4110,2024,11900
03,4110,2025,11900
03,4111,2011,1900
03,4111,2012,1900
03,4111,2013,1950
03,4111,2014,1950
03,4111,2015,2000
03,4111,2016,2700
03,4111,2017,2700
03,4111,2018,2300
03,4111,2019,3700
03,4111,2020,3700
03,4111,2021,3900
03,4111,2022,4000
03,4111,2023,2800
03,4111,2024,2900
03,4111,2025,2900
03,4112,2011,4200
03,4112,2012,4100
03,4112,2013,4100
03,4112,2014,4200
03,4112,2015,4400
03,4112,2016,4600
03,4112,2017,4800
03,4112,2018,4800
03,4112,2019,4800
03,4112,2020,4100
03,4112,2021,4300
03,4112,2022,4400
03,4112,2023,4800
03,4112,2024,5000
03,4112,2025,4900
03,4113,2011,4300
03,4113,2012,4200
03,4113,2013,4200
03,4113,2014,5500
03,4113,2015,5700
03,4113,2016,5900
03,4113,2017,6100
03,4113,2018,6500
03,4113,2019,6700
03,4113,2020,6500
03,4113,2021,6700
03,4113,2022,6900
03,4113,2023,9500
03,4113,2024,9900
03,4113,2025,9900
03,4114,2011,6000
03,4114,2012,5900
03,4114,2013,5900
03,4114,2014,5900
03,4114,2015,6100
03,4114,2016,6300
03,4114,2017,6500
03,4114,2018,6200
03,4114,2019,6400
03,4114,2020,6200
03,4114,2021,6400
03,4114,2022,6600
03,4114,2023,8500
03,4114,2024,8800
03,4114,2025,8800
03,4116,2011,12500
03,4116,2012,12500
03,4116,2013,12500
03,4116,2014,5900
03,4116,2015,6100
03,4116,2016,6300
03,4116,2017,6500
03,4116,2018,14600
03,4116,2019,14800
03,4116,2020,14600
03,4116,2021,15200
03,4116,2022,15500
03,4116,2023,18800
03,4116,2024,19400
03,4116,2025,19400
03,4117,2011,2900
03,4117,2012,2900
03,4117,2013,2900
03,4117,2014,3200
03,4117,2015,3400
03,4117,2016,3600
03,4117,2017,3800
03,4117,2018,3500
03,4117,2019,3500
03,4117,2020,3500
03,4117,2021,3700
03,4117,2022,4900
03,4117,2023,5600
03,4117,2024,5800
03,4117,2025,5800
03,4118,2011,4600
03,4118,2012,4500
03,4118,2013,4500
03,4118,2014,5200
03,4118,2015,5400
03,4118,2016,5600
03,4118,2017,5800
03,4118,2018,4900
03,4118,2019,4900
03,4118,2020,4900
03,4118,2021,5100
03,4118,2022,5300
03,4118,2023,6000
03,4118,2024,6200
03,4118,2025,6200
03,4119,2011,2900
03,4119,2012,2900
03,4119,2013,2900
03,4119,2014,3100
03,4119,2015,3300
03,4119,2016,3500
03,4119,2017,3700
03,4119,2018,3500
03,4119,2019,3500
03,4119,2020,3500
03,4119,2021,3700
03,4119,2022,3800
03,4119,2023,3000
03,4119,2024,3200
03,4119,2025,3200
03,4121,2011,5200
03,4121,2012,5100
03,4121,2013,5100
03,4121,2014,5700
03,4121,2015,5900
03,4121,2016,6100
03,4121,2017,6300
03,4121,2018,6700
03,4121,2019,6900
03,4121,2020,6700
03,4121,2021,6900
03,4121,2022,8400
03,4121,2023,9300
03,4121,2024,9700
03,4121,2025,9700
03,4122,2011,6300
03,4122,2012,6200
03,4122,2013,6200
03,4122,2014,7000
03,4122,2015,7200
03,4122,2016,7500
03,4122,2017,7700
03,4122,2018,8400
03,4122,2019,8600
03,4122,2020,8400
03,4122,2021,8800
03,4122,2022,11400
03,4122,2023,12100
03,4122,2024,12500
03,4122,2025,12500
03,4123,2011,750
03,4123,2012,750
03,4123,2013,750
03,4123,2014,650
03,4123,2015,650
03,4123,2016,650
03,4123,2017,650
03,4123,2018,800
03,4123,2019,800
03,4123,2020,750
03,4123,2021,750
03,4123,2022,750
03,4123,2023,850
03,4123,2024,850
03,4123,2025,1850
03,4124,2011,3900
03,4124,2012,3900
03,4124,2013,3900
03,4124,2014,5100
03,4124,2015,5300
03,4124,2016,5500
03,4124,2017,5700
03,4124,2018,5100
03,4124,2019,5100
03,4124,2020,5100
03,4124,2021,5300
03,4124,2022,5700
03,4124,2023,6800
03,4124,2024,7000
03,4124,2025,7000
03,4125,2011,6600
03,4125,2012,6500
03,4125,2013,6900
03,4125,2014,6900
03,4125,2015,7100
03,4125,2016,7300
03,4125,2017,7500
03,4125,2018,7500
03,4125,2019,7600
03,4125,2020,7400
03,4125,2021,7600
03,4125,2022,7800
03,4125,2023,9100
03,4125,2024,9500
03,4125,2025,9500
03,4126,2011,2200
03,4126,2012,2200
03,4126,2013,2200
03,4126,2014,2800
03,4126,2015,3000
03,4126,2016,3200
03,4126,2017,3400
03,4126,2018,4500
03,4126,2019,4500
03,4126,2020,4500
03,4126,2021,4700
03,4126,2022,4900
03,4126,2023,6800
03,4126,2024,7000
03,4126,2025,7000
03,4127,2011,4400
03,4127,2012,4400
03,4127,2013,4400
03,4127,2014,5400
03,4127,2015,5600
03,4127,2016,5800
03,4127,2017,6000
03,4127,2018,7500
03,4127,2019,7700
03,4127,2020,7500
03,4127,2021,7800
03,4127,2022,5500
03,4127,2023,6200
03,4127,2024,6400
03,4127,2025,6400
03,4128,2011,36000
03,4128,2012,35500
03,4128,2013,35500
03,4128,2014,33000
03,4128,2015,39000
03,4128,2016,41000
03,4128,2017,42000
03,4128,2018,34000
03,4128,2019,35000
03,4128,2020,31500
03,4128,2021,32500
03,4128,2022,33500
03,4128,2023,36500
03,4128,2024,37500
03,4128,2025,37000
03,4129,2011,1800
03,4129,2012,1800
03,4129,2013,1800
03,4129,2014,1600
03,4129,2015,1700
03,4129,2016,1800
03,4129,2017,1900
03,4129,2018,2800
03,4129,2019,2800
03,4129,2020,2600
03,4129,2021,2800
03,4129,2022,2800
03,4129,2023,3000
03,4129,2024,3200
03,4129,2025,2800
03,4131,2011,4000
03,4131,2012,4000
03,4131,2013,4000
03,4131,2014,7900
03,4131,2015,8200
03,4131,2016,8600
03,4131,2017,8800
03,4131,2018,10200
03,4131,2019,10400
03,4131,2020,10200
03,4131,2021,10600
03,4131,2022,10800
03,4131,2023,4500
03,4131,2024,4700
03,4131,2025,4700
03,4137,2011,1800
03,4137,2012,1800
03,4137,2013,1800
03,4137,2014,2200
03,4137,2015,2200
03,4137,2016,2200
03,4137,2017,2200
03,4137,2018,2900
03,4137,2019,2900
03,4137,2020,2900
03,4137,2021,3100
03,4137,2022,3100
03,4137,2023,2400
03,4137,2024,2400
03,4137,2025,2400
03,4139,2011,2100
03,4139,2012,2100
03,4139,2013,2100
03,4139,2014,2900
03,4139,2015,3100
03,4139,2016,3300
03,4139,2017,3500
03,4139,2018,4400
03,4139,2019,4400
03,4139,2020,4400
03,4139,2021,4600
03,4139,2022,6000
03,4139,2023,6800
03,4139,2024,7000
03,4139,2025,7000
03,4144,2011,6900
03,4144,2012,6800
03,4144,2013,6800
03,4144,2014,10600
03,4144,2015,11000
03,4144,2016,11400
03,4144,2017,11800
03,4144,2018,14200
03,4144,2019,14400
03,4144,2020,14200
03,4144,2021,14800
03,4144,2022,10700
03,4144,2023,13000
03,4144,2024,13400
03,4144,2025,13400
03,4148,2011,2700
03,4148,2012,2700
03,4148,2013,2700
03,4148,2014,3600
03,4148,2015,3800
03,4148,2016,4000
03,4148,2017,4200
03,4148,2018,4000
03,4148,2019,4000
03,4148,2020,4000
03,4148,2021,4200
03,4148,2022,4200
03,4148,2023,3600
03,4148,2024,3800
03,4148,2025,3800
03,4149,2011,25500
03,4149,2012,25500
03,4149,2013,25500
03,4149,2014,30500
03,4149,2015,32000
03,4149,2016,32500
03,4149,2017,33500
03,4149,2018,31500
03,4149,2019,32500
03,4149,2020,25500
03,4149,2021,26500
03,4149,2022,27500
03,4149,2023,29500
03,4149,2024,30500
03,4149,2025,31500
03,4150,2024,30500
03,4150,2025,30500
03,4152,2011,12500
03,4152,2012,12500
03,4152,2013,12500
03,4152,2014,14400
03,4152,2015,15000
03,4152,2016,15600
03,4152,2017,16000
03,4152,2018,15900
03,4152,2019,16200
03,4152,2020,14800
03,4152,2021,15400
03,4152,2022,15800
03,4152,2023,17000
03,4152,2024,17600
03,4152,2025,18200
03,4153,2011,450
03,4153,2012,450
03,4153,2013,450
03,4153,2014,300
03,4155,2011,22500
03,4155,2012,22500
03,4155,2013,22500
03,4155,2014,27500
03,4155,2015,28500
03,4155,2016,27500
03,4155,2017,28500
03,4155,2018,31000
03,4155,2019,27000
03,4155,2020,26500
03,4155,2021,27500
03,4155,2022,28500
03,4155,2023,33500
03,4155,2024,34500
03,4155,2025,34500
03,4157,2011,750
03,4157,2012,750
03,4157,2013,750
03,4157,2014,1200
03,4157,2015,1200
03,4157,2016,1300
03,4157,2017,1300
03,4157,2018,2200
03,4157,2019,2200
03,4157,2020,2200
03,4157,2021,2200
03,4157,2022,2200
03,4157,2023,2800
03,4157,2024,2800
03,4157,2025,2800
03,4165,2014,2000
03,4165,2015,2100
03,4165,2016,170
03,4165,2017,170
03,4165,2018,120
03,4165,2019,120
03,4165,2020,120
03,4165,2021,80
03,4165,2022,80
03,4165,2023,80
03,4165,2024,80
03,4165,2025,80
03,4166,2011,16600
03,4166,2012,16400
03,4166,2013,16400
03,4166,2014,23000
03,4166,2015,24000
03,4166,2016,25000
03,4166,2017,26000
03,4166,2018,26500
03,4166,2019,27000
03,4166,2020,24000
03,4166,2021,25000
03,4166,2022,26000
03,4166,2023,28000
03,4166,2024,29000
03,4166,2025,25500
03,4171,2011,9200
03,4171,2012,9000
03,4171,2013,9000
03,4171,2014,9700
03,4171,2015,10100
03,4171,2016,10500
03,4171,2017,10900
03,4171,2018,13600
03,4171,2019,13800
03,4171,2020,13600
03,4171,2021,13700
03,4171,2022,13800
03,4171,2023,15700
03,4172,2011,350
03,4172,2012,350
03,4172,2013,350
03,4172,2014,350
03,4172,2015,350
03,4172,2016,500
03,4172,2017,500
03,4172,2018,450
03,4172,2019,450
03,4172,2020,700
03,4172,2021,800
03,4172,2022,800
03,4172,2023,900
03,4172,2024,900
03,4172,2025,900
03,4174,2011,650
03,4174,2012,650
03,4174,2013,650
03,4174,2014,7900
03,4174,2015,8200
03,4174,2016,8600
03,4174,2017,8800
03,4174,2018,7900
03,4174,2019,8100
03,4174,2020,7900
03,4174,2021,8300
03,4174,2022,9700
03,4174,2023,9200
03,4174,2024,9600
03,4174,2025,9600
03,4176,2011,3800
03,4176,2012,3700
03,4176,2013,3700
03,4176,2014,9100
03,4176,2015,9500
03,4176,2016,10300
03,4176,2017,10900
03,4176,2018,11700
03,4176,2019,12100
03,4176,2020,11800
03,4176,2021,12400
03,4176,2022,12800
03,4176,2023,15600
03,4176,2024,16600
03,4176,2025,16800
03,4185,2011,1000
03,4185,2012,1000
03,4185,2013,1000
03,4185,2014,900
03,4185,2015,900
03,4185,2016,900
03,4185,2017,900
03,4185,2018,1400
03,4185,2019,1400
03,4185,2020,1400
03,4185,2021,1500
03,4185,2022,1000
03,4185,2023,1300
03,4185,2024,1300
03,4185,2025,1300
03,4186,2011,40000
03,4186,2012,39000
03,4186,2013,39000
03,4186,2014,42500
03,4186,2015,45000
03,4186,2016,47000
03,4186,2017,48000
03,4186,2018,46000
03,4186,2019,47000
03,4186,2020,42500
03,4186,2021,44500
03,4186,2022,45500
03,4186,2023,49500
03,4186,2024,51500
03,4186,2025,54000
03,4187,2011,5300
03,4187,2012,5200
03,4187,2013,5200
03,4187,2014,4500
03,4187,2015,4700
03,4187,2016,4900
03,4187,2017,5100
03,4187,2018,7800
03,4187,2019,8000
03,4187,2020,7800
03,4187,2021,8200
03,4187,2022,11700
03,4187,2023,13700
03,4187,2024,14200
03,4187,2025,14200
03,4188,2011,3600
03,4188,2012,3500
03,4188,2013,4600
03,4188,2014,5500
03,4188,2015,5700
03,4188,2016,5900
03,4188,2017,6100
03,4188,2018,4100
03,4188,2019,5500
03,4188,2020,5300
03,4188,2021,5500
03,4188,2022,5700
03,4188,2023,5100
03,4188,2024,5300
03,4188,2025,5300
03,4199,2012,2800
03,4199,2013,2800
03,4199,2014,2800
03,4199,2015,3500
03,4199,2016,3700
03,4199,2017,3900
03,4199,2018,2300
03,4199,2019,2300
03,4199,2020,2300
03,4199,2021,2400
03,4199,2022,2400
03,4199,2023,2400
03,4199,2024,2400
03,4199,2025,2400
03,4200,2012,550
03,4200,2013,550
03,4200,2014,550
03,4200,2015,500
03,4200,2016,500
03,4200,2017,500
03,4200,2018,700
03,4200,2019,700
03,4200,2020,1150
03,4200,2021,1150
03,4200,2022,1150
03,4200,2023,1250
03,4200,2024,1250
03,4200,2025,1350
03,4201,2012,3100
03,4201,2013,3100
03,4201,2014,3100
03,4201,2015,2500
03,4201,2016,2700
03,4201,2017,2700
03,4201,2018,2800
03,4201,2019,2800
03,4201,2020,2800
03,4201,2021,3000
03,4201,2022,3500
03,4201,2023,4000
03,4201,2024,4200
03,4201,2025,4200
03,4202,2024,10800
03,4203,2012,5100
03,4203,2013,5100
03,4203,2014,5200
03,4203,2015,6700
03,4203,2016,7200
03,4203,2017,7400
03,4203,2018,7500
03,4203,2019,8200
03,4203,2020,8000
03,4203,2021,8400
03,4203,2022,8600
03,4203,2023,10700
03,4203,2024,11100
03,4203,2025,11100
03,4204,2024,800
03,4204,2025,800
03,4205,2024,7700
03,4205,2025,7700
03,4206,2024,7700
03,4206,2025,7700
03,4207,2024,800
03,4207,2025,800
03,4208,2024,10800
03,4208,2025,11000
03,4209,2024,10800
03,4209,2025,11000
03,4503,2008,42000
03,4503,2009,41000
03,4503,2010,40000
03,4503,2011,37000
03,4503,2012,36500
03,4503,2013,36500
03,4503,2014,41500
03,4503,2015,41500
03,4503,2016,43500
03,4503,2017,44500
03,4503,2018,39000
03,4503,2019,41500
03,4503,2020,40500
03,4503,2021,42500
03,4503,2022,44000
03,4503,2023,43000
03,4503,2024,45000
03,4503,2025,45000
03,4507,2008,31800
03,4507,2009,43500
03,4507,2010,42500
03,4507,2012,43000
03,4507,2013,43000
03,4507,2014,44000
03,4507,2015,52000
03,4507,2016,54000
03,4507,2017,56000
03,4507,2018,48000
03,4507,2019,49500
03,4507,2020,48500
03,4507,2021,50500
03,4507,2022,52000
03,4507,2023,57500
03,4507,2024,59500
03,4507,2025,59500
03,4510,2008,19600
03,4510,2010,18500
03,4510,2011,18300
03,4510,2012,18100
03,4510,2013,19200
03,4510,2014,19400
03,4510,2015,20000
03,4510,2016,16000
03,4510,2017,16600
03,4510,2018,19100
03,4510,2019,18200
03,4510,2020,17800
03,4510,2021,18600
03,4510,2022,19000
03,4510,2023,23500
03,4510,2024,24500
03,4510,2025,24500
03,4516,2008,17600
03,4516,2009,17200
03,4516,2011,14300
03,4516,2012,14100
03,4516,2013,14100
03,4516,2014,15300
03,4516,2015,15900
03,4516,2016,16500
03,4516,2017,17100
03,4516,2018,17700
03,4516,2019,21500
03,4516,2020,21500
03,4516,2021,22500
03,4516,2022,23000
03,4516,2023,21500
03,4516,2024,22500
03,4516,2025,22500
03,4521,2008,11800
03,4521,2009,11600
03,4521,2010,11400
03,4521,2011,11000
03,4521,2012,10800
03,4521,2013,10800
03,4521,2014,11800
03,4521,2015,12200
03,4521,2016,12800
03,4521,2017,13400
03,4521,2018,13600
03,4521,2019,15900
03,4521,2020,15700
03,4521,2021,16300
03,4521,2022,16600
03,4521,2023,16700
03,4521,2024,17300
03,4521,2025,17300
03,4522,2010,4600
03,4522,2011,4600
03,4522,2012,4600
03,4522,2013,4500
03,4522,2014,4500
03,4522,2015,4700
03,4522,2016,6000
03,4522,2017,6200
03,4522,2018,5800
03,4522,2019,7600
03,4522,2020,7400
03,4522,2021,7600
03,4522,2022,7750
03,4522,2023,9200
03,4522,2024,9600
03,4522,2025,9600
03,4523,2014,25500
03,4523,2015,25000
03,4523,2016,25500
03,4523,2017,27000
03,4523,2018,32000
03,4523,2019,32000
03,4523,2020,32000
03,4523,2021,38000
03,4523,2022,39000
03,4523,2023,42000
03,4523,2024,41500
03,4523,2025,41500
03,4524,2008,18300
03,4524,2009,17900
03,4524,2010,17500
03,4524,2011,13900
03,4524,2012,13700
03,4524,2013,13700
03,4524,2014,12200
03,4524,2015,12600
03,4524,2016,13200
03,4524,2017,13800
03,4524,2018,13400
03,4524,2019,11300
03,4524,2020,11100
03,4524,2021,11500
03,4524,2022,11900
03,4524,2023,11900
03,4524,2024,12300
03,4524,2025,12300
03,4525,2008,27000
03,4525,2009,26000
03,4525,2010,25000
03,4525,2011,25500
03,4525,2012,25500
03,4525,2013,25500
03,4525,2014,28000
03,4525,2015,29000
03,4525,2016,30000
03,4525,2017,31000
03,4525,2018,33500
03,4525,2019,34500
03,4525,2020,33500
03,4525,2021,34500
03,4525,2022,35000
03,4525,2023,43000
03,4525,2024,44500
03,4525,2025,44500
03,4526,2008,39500
03,4526,2009,38500
03,4526,2011,30000
03,4526,2012,30000
03,4526,2013,30000
03,4526,2014,38000
03,4526,2015,38500
03,4526,2016,40500
03,4526,2017,41500
03,4526,2018,37500
03,4526,2019,38500
03,4526,2020,39000
03,4526,2021,41000
03,4526,2022,42000
03,4526,2023,45000
03,4526,2024,47000
03,4526,2025,45500
03,4528,2008,26000
03,4528,2009,25000
03,4528,2010,24000
03,4528,2011,32000
03,4528,2012,32000
03,4528,2013,32000
03,4528,2014,35000
03,4528,2015,38000
03,4528,2016,43000
03,4528,2017,44000
03,4528,2018,38000
03,4528,2019,38500
03,4528,2020,37500
03,4528,2021,39000
03,4528,2022,40000
03,4528,2023,50500
03,4528,2024,52500
03,4528,2025,52500
03,4529,2008,18300
03,4529,2009,17900
03,4529,2010,17500
03,4529,2011,21000
03,4529,2012,20900
03,4529,2013,20900
03,4529,2014,22500
03,4529,2015,23500
03,4529,2016,22500
03,4529,2017,23500
03,4529,2018,26000
03,4529,2019,27000
03,4529,2020,26500
03,4529,2021,27500
03,4529,2022,28000
03,4529,2023,29000
03,4529,2024,30000
03,4529,2025,30000
03,4530,2008,26000
03,4530,2009,25000
03,4530,2010,24000
03,4530,2011,19700
03,4530,2012,19500
03,4530,2013,19500
03,4530,2014,21000
03,4530,2015,22000
03,4530,2016,23000
03,4530,2017,24000
03,4530,2018,19800
03,4530,2019,21500
03,4530,2020,21500
03,4530,2021,22500
03,4530,2022,23000
03,4530,2023,24000
03,4530,2024,25000
03,4530,2025,25000
03,4531,2008,24500
03,4531,2009,23500
03,4531,2010,23000
03,4531,2011,21500
03,4531,2012,21500
03,4531,2013,21500
03,4531,2014,24500
03,4531,2015,25500
03,4531,2016,26500
03,4531,2017,27500
03,4531,2018,28500
03,4531,2019,26000
03,4531,2020,26000
03,4531,2021,27000
03,4531,2022,27500
03,4531,2023,37500
03,4531,2024,38500
03,4531,2025,38500
03,4532,2008,25000
03,4532,2009,24000
03,4532,2010,24000
03,4532,2011,20400
03,4532,2012,22000
03,4532,2013,22000
03,4532,2014,22000
03,4532,2015,22500
03,4532,2016,29500
03,4532,2017,29500
03,4532,2018,32000
03,4532,2019,35000
03,4532,2020,34000
03,4532,2021,35000
03,4532,2022,36000
03,4532,2023,42000
03,4532,2024,42000
03,4532,2025,42000
03,4534,2008,16400
03,4534,2009,16000
03,4534,2010,15600
03,4534,2011,11500
03,4534,2012,11300
03,4534,2013,11300
03,4534,2014,13500
03,4534,2015,14100
03,4534,2016,14700
03,4534,2017,15300
03,4534,2018,15000
03,4534,2019,18200
03,4534,2020,17800
03,4534,2021,18600
03,4534,2022,19000
03,4534,2023,18700
03,4534,2024,19300
03,4534,2025,19300
03,4536,2008,34000
03,4536,2009,33000
03,4536,2010,32000
03,4536,2011,30000
03,4536,2012,30000
03,4536,2013,30000
03,4536,2014,34500
03,4536,2015,34500
03,4536,2016,35500
03,4536,2017,36500
03,4536,2018,38500
03,4536,2019,37000
03,4536,2020,36000
03,4536,2021,37000
03,4536,2022,38000
03,4536,2023,52000
03,4536,2024,54000
03,4536,2025,54000
03,4537,2008,31600
03,4537,2009,18800
03,4537,2010,18400
03,4537,2011,18200
03,4537,2012,25500
03,4537,2013,25500
03,4537,2014,25500
03,4537,2015,30000
03,4537,2016,31000
03,4537,2017,32000
03,4537,2018,28000
03,4537,2019,31500
03,4537,2020,30500
03,4537,2021,31500
03,4537,2022,32000
03,4537,2023,38500
03,4537,2024,39500
03,4537,2025,39500
03,4543,2008,27000
03,4543,2009,26000
03,4543,2010,25000
03,4548,2008,8200
03,4548,2009,8000
03,4548,2010,7800
03,4548,2011,6300
03,4548,2012,6300
03,4548,2013,6300
03,4548,2014,6500
03,4548,2015,6700
03,4548,2016,6900
03,4548,2017,7100
03,4548,2018,8400
03,4548,2019,8200
03,4548,2020,8000
03,4548,2021,8400
03,4548,2022,8800
03,4548,2023,9000
03,4548,2024,9400
03,4548,2025,9400
03,4567,2008,46000
03,4567,2009,45000
03,4567,2010,44000
03,4567,2011,45500
03,4567,2012,44500
03,4567,2013,44500
03,4567,2014,52500
03,4567,2015,54500
03,4567,2016,56500
03,4567,2017,58500
03,4567,2018,52000
03,4567,2019,55500
03,4567,2020,54500
03,4567,2021,56500
03,4567,2022,58000
03,4567,2023,59000
03,4567,2024,61000
03,4567,2025,61000
03,4569,2008,27500
03,4569,2009,26500
03,4569,2010,25500
03,4569,2011,24500
03,4569,2012,24500
03,4569,2013,24500
03,4569,2014,26000
03,4569,2015,27000
03,4569,2016,28000
03,4569,2017,29000
03,4569,2018,25500
03,4569,2019,25500
03,4569,2020,25500
03,4569,2021,26500
03,4569,2022,27000
03,4569,2023,31000
03,4569,2024,32000
03,4569,2025,32000
03,4575,2008,27000
03,4575,2009,26000
03,4575,2010,25000
03,4575,2011,23000
03,4575,2012,23000
03,4575,2013,23000
03,4575,2014,23500
03,4575,2015,24500
03,4575,2016,25500
03,4575,2017,26500
03,4575,2018,26000
03,4575,2019,29500
03,4575,2020,28500
03,4575,2021,29500
03,4575,2022,31200
03,4575,2023,32500
03,4575,2024,33500
03,4575,2025,33500
03,4576,2008,29500
03,4576,2009,28500
03,4576,2010,27500
03,4576,2011,26500
03,4576,2012,26500
03,4576,2013,26500
03,4576,2014,27500
03,4576,2015,28500
03,4576,2016,29500
03,4576,2017,30500
03,4576,2018,30500
03,4576,2019,33500
03,4576,2020,32500
03,4576,2021,33500
03,4576,2022,3500
03,4576,2023,39500
03,4576,2024,40500
03,4576,2025,40500
03,4578,2008,8700
03,4578,2009,8500
03,4578,2010,8300
03,4578,2011,6400
03,4578,2012,6400
03,4578,2013,6400
03,4578,2014,6500
03,4578,2015,6700
03,4578,2016,6900
03,4578,2017,7100
03,4578,2018,7100
03,4578,2019,6300
03,4578,2020,6100
03,4578,2021,6300
03,4578,2022,6500
03,4578,2023,7100
03,4578,2024,7300
03,4578,2025,7300
03,4585,2008,5300
03,4585,2009,5100
03,4585,2010,4900
03,4585,2011,4300
03,4585,2012,4300
03,4585,2013,4300
03,4585,2014,4200
03,4585,2015,4400
03,4585,2016,4600
03,4585,2017,4800
03,4585,2018,3900
03,4585,2019,4600
03,4585,2020,4600
03,4585,2021,4800
03,4585,2022,5000
03,4585,2023,4200
03,4585,2024,4400
03,4585,2025,4400
03,4597,2008,23500
03,4597,2009,23000
03,4597,2010,23000
03,4597,2011,21000
03,4597,2012,21000
03,4597,2013,21000
03,4597,2014,24000
03,4597,2015,25000
03,4597,2016,26000
03,4597,2017,27000
03,4597,2018,25500
03,4597,2019,28500
03,4597,2020,27500
03,4597,2021,28500
03,4597,2022,29000
03,4597,2023,31500
03,4597,2024,32500
03,4597,2025,32500
03,4601,2014,34000
03,4601,2015,41000
03,4601,2016,40000
03,4601,2017,39500
03,4601,2018,39500
03,4601,2019,42000
03,4601,2020,46000
03,4601,2021,50000
03,4601,2022,56000
03,4601,2023,58000
03,4601,2024,57500
03,4601,2025,60000
03,4602,2008,34500
03,4602,2009,33500
03,4602,2010,32500
03,4602,2011,27500
03,4602,2012,27500
03,4602,2013,27500
03,4602,2014,30500
03,4602,2015,31500
03,4602,2016,32000
03,4602,2017,35000
03,4602,2018,38000
03,4602,2019,42500
03,4602,2020,41500
03,4602,2021,42500
03,4602,2022,43000
03,4602,2023,47500
03,4602,2024,47500
03,4602,2025,47500
03,4603,2008,30000
03,4603,2009,29000
03,4603,2010,28500
03,4603,2011,26500
03,4603,2012,26500
03,4603,2013,26500
03,4603,2014,29000
03,4603,2015,30000
03,4603,2016,30000
03,4603,2017,30000
03,4603,2018,32500
03,4603,2019,38000
03,4603,2020,37000
03,4603,2021,38000
03,4603,2022,39000
03,4603,2023,45500
03,4603,2024,45500
03,4603,2025,45500
03,4605,2008,28500
03,4605,2009,27500
03,4605,2010,26500
03,4605,2011,41500
03,4605,2012,40500
03,4605,2013,40500
03,4605,2014,47000
03,4605,2015,47500
03,4605,2016,49500
03,4605,2017,51500
03,4605,2018,47000
03,4605,2019,50000
03,4605,2020,49000
03,4605,2021,51000
03,4605,2022,52000
03,4605,2023,57000
03,4605,2024,59000
03,4605,2025,59000
03,4606,2024,59000
03,4606,2025,59500
03,4621,2008,3900
03,4621,2009,3800
03,4621,2010,3800
03,4621,2015,4000
03,4621,2016,4200
03,4621,2017,4400
03,4621,2018,3800
03,4621,2019,3900
03,4621,2020,3900
03,4621,2021,4100
03,4621,2022,4200
03,4621,2023,3400
03,4621,2024,3600
03,4621,2025,3600
03,4622,2008,7300
03,4622,2009,7100
03,4622,2010,6900
03,4622,2011,7700
03,4622,2012,7700
03,4622,2014,7100
03,4622,2015,7500
03,4622,2016,7700
03,4622,2017,7900
03,4622,2018,8600
03,4622,2019,8800
03,4622,2020,8600
03,4622,2021,9000
03,4622,2022,7300
03,4622,2023,8600
03,4622,2024,8900
03,4622,2025,8900
03,4627,2008,25000
03,4627,2009,23000
03,4628,2008,58500
03,4628,2009,57500
03,4628,2010,48000
03,4628,2011,48000
03,4628,2012,47000
03,4628,2013,51500
03,4628,2014,52500
03,4628,2015,56000
03,4628,2016,57000
03,4628,2017,51500
03,4628,2018,51000
03,4628,2019,58000
03,4628,2020,48000
03,4628,2021,58000
03,4628,2022,62500
03,4628,2023,67500
03,4628,2024,69500
03,4628,2025,72000
03,4652,2008,16400
03,4652,2009,16000
03,4652,2010,15600
03,4652,2011,15100
03,4652,2012,14900
03,4652,2013,14900
03,4652,2014,17000
03,4652,2015,17600
03,4652,2016,18400
03,4652,2017,19200
03,4652,2018,21000
03,4652,2019,19100
03,4652,2020,18700
03,4652,2021,19500
03,4652,2022,19900
03,4652,2023,33000
03,4652,2024,34000
03,4652,2025,34000
03,4655,2008,22500
03,4655,2009,22500
03,4655,2010,22500
03,4655,2011,25500
03,4655,2012,25500
03,4655,2013,25500
03,4655,2014,26500
03,4655,2015,27500
03,4655,2016,28500
03,4655,2017,29500
03,4655,2018,32500
03,4655,2019,35000
03,4655,2020,34000
03,4655,2021,35000
03,4655,2022,36000
03,4655,2023,43000
03,4655,2024,44500
03,4655,2025,44500
03,4657,2008,27500
03,4657,2009,26500
03,4657,2010,26500
03,4657,2011,24000
03,4657,2012,24000
03,4657,2013,24000
03,4657,2014,27500
03,4657,2015,28500
03,4657,2016,28500
03,4657,2017,28500
03,4657,2018,35000
03,4657,2019,36500
03,4657,2020,35500
03,4657,2021,36500
03,4657,2022,37500
03,4657,2023,41500
03,4657,2024,41500
03,4657,2025,41500
03,4659,2008,28500
03,4659,2009,27500
03,4659,2010,26500
03,4659,2011,25500
03,4659,2012,25500
03,4659,2013,25500
03,4659,2014,27500
03,4659,2015,28500
03,4659,2016,29500
03,4659,2017,30500
03,4659,2018,27000
03,4659,2019,28000
03,4659,2020,27000
03,4659,2021,28000
03,4659,2022,29000
03,4659,2023,29500
03,4659,2024,30500
03,4659,2025,30500
03,4669,2008,8400
03,4669,2009,8200
03,4669,2010,8000
03,4669,2011,7400
03,4669,2012,7300
03,4669,2013,7300
03,4669,2014,6200
03,4669,2015,6400
03,4669,2016,6600
03,4669,2017,6800
03,4669,2018,12000
03,4669,2019,7300
03,4669,2020,7100
03,4669,2021,7300
03,4669,2022,7500
03,4669,2023,7100
03,4669,2024,7300
03,4669,2025,7300
03,4670,2008,5800
03,4670,2009,5600
03,4670,2010,5400
03,4670,2011,4600
03,4670,2012,4600
03,4670,2013,4600
03,4670,2014,4200
03,4670,2015,4400
03,4670,2016,4600
03,4670,2017,4800
03,4670,2018,8900
03,4670,2019,5100
03,4670,2020,5100
03,4670,2021,5300
03,4670,2022,5500
03,4670,2023,4700
03,4670,2024,4900
03,4670,2025,4900
03,4673,2008,24000
03,4673,2009,23000
03,4673,2010,23000
03,4673,2011,16600
03,4673,2012,16400
03,4673,2013,16400
03,4673,2014,19700
03,4673,2015,20500
03,4673,2016,21500
03,4673,2017,22500
03,4673,2018,23000
03,4673,2019,26500
03,4673,2020,26000
03,4673,2021,27000
03,4673,2022,28000
03,4673,2023,36000
03,4673,2024,37000
03,4673,2025,37000
03,4686,2008,23000
03,4686,2009,22500
03,4686,2010,22500
03,4686,2011,16900
03,4686,2012,16700
03,4686,2013,16700
03,4686,2014,18100
03,4686,2015,18800
03,4686,2016,19400
03,4686,2017,20000
03,4686,2018,20100
03,4686,2019,22500
03,4686,2020,22300
03,4686,2021,23000
03,4686,2022,23500
03,4686,2023,27500
03,4686,2024,28500
03,4686,2025,28500
03,4687,2008,32000
03,4687,2009,31000
03,4687,2010,30000
03,4687,2011,27000
03,4687,2012,27000
03,4687,2013,27000
03,4687,2014,30000
03,4687,2015,31000
03,4687,2016,32000
03,4687,2017,31000
03,4687,2018,33000
03,4687,2019,32500
03,4687,2020,31500
03,4687,2021,32500
03,4687,2022,33500
03,4687,2023,40500
03,4687,2024,42000
03,4687,2025,42000
03,4690,2008,26000
03,4690,2009,25000
03,4690,2010,24000
03,4690,2011,21000
03,4690,2012,21000
03,4690,2013,21000
03,4690,2014,22000
03,4690,2015,23000
03,4690,2016,24000
03,4690,2017,25000
03,4690,2018,23000
03,4690,2019,26000
03,4690,2020,26000
03,4690,2021,27000
03,4690,2022,28000
03,4690,2023,29000
03,4690,2024,30000
03,4690,2025,30000
03,4712,2008,3800
03,4712,2009,3800
03,4712,2010,3800
03,4712,2011,3000
03,4712,2012,3000
03,4712,2013,3000
03,4712,2014,3400
03,4712,2015,3600
03,4712,2016,3800
03,4712,2017,4000
03,4712,2018,5200
03,4712,2019,3900
03,4712,2020,3900
03,4712,2021,4100
03,4712,2022,4300
03,4712,2023,4100
03,4712,2024,4300
03,4712,2025,4300
03,4900,2008,4000
03,4900,2009,4000
03,4900,2010,4000
03,4900,2011,4900
03,4900,2012,4900
03,4900,2013,4900
03,4900,2014,7600
03,4900,2015,7800
03,4900,2016,8200
03,4900,2017,8600
03,4900,2018,7200
03,4900,2019,9400
03,4900,2020,9200
03,4900,2021,9600
03,4900,2022,10000
03,4900,2023,9400
03,4900,2024,9800
03,4900,2025,9800
03,4901,2008,12500
03,4901,2009,12300
03,4901,2010,12100
03,4901,2011,10400
03,4901,2012,10200
03,4901,2013,10200
03,4901,2014,11300
03,4901,2015,11700
03,4901,2016,12200
03,4901,2017,12700
03,4901,2018,12400
03,4901,2019,13600
03,4901,2020,13400
03,4901,2021,14000
03,4901,2022,14600
03,4901,2023,15200
03,4901,2024,15800
03,4901,2025,15800
03,4902,2008,5300
03,4902,2009,5300
03,4902,2010,5100
03,4902,2011,5600
03,4902,2012,5600
03,4902,2013,5600
03,4902,2014,5400
03,4902,2015,5800
03,4902,2016,5800
03,4902,2017,6000
03,4902,2018,6200
03,4902,2019,6700
03,4902,2020,6500
03,4902,2021,6700
03,4902,2022,6900
03,4902,2023,8700
03,4902,2024,9100
03,4902,2025,9100
03,5001,1976,38609
03,5001,1984,23143
03,5001,1985,22672
03,5001,1986,24002
03,5001,1987,24590
03,5001,1988,25727
03,5001,1989,26516
03,5001,1990,32346
03,5001,1991,31206
03,5001,1992,29500
03,5001,1993,30500
03,5001,1994,30500
03,5001,1995,29500
03,5001,1996,30500
03,5001,1997,29000
03,5001,1998,29000
03,5001,1999,31000
03,5001,2000,28500
03,5001,2001,31000
03,5001,2002,32500
03,5001,2003,31500
03,5001,2004,34500
03,5001,2005,35500
03,5001,2006,37500
03,5001,2007,37500
03,5001,2008,34000
03,5001,2009,32000
03,5001,2010,32000
03,5001,2011,32000
03,5001,2012,32500
03,5001,2013,32500
03,5001,2014,33500
03,5001,2015,35500
03,5001,2016,34500
03,5001,2017,32500
03,5001,2018,30000
03,5001,2019,33500
03,5001,2020,30000
03,5001,2021,35000
03,5001,2022,35000
03,5001,2023,36000
03,5001,2024,35500
03,5001,2025,35500
03,5002,1976,20795
03,5002,1984,28869
03,5003,1976,20012
03,5003,1984,21272
03,5004,1976,22067
03,5004,1984,20184
03,5004,1985,18291
03,5004,1986,19091
03,5004,1987,18997
03,5004,1988,20337
03,5004,1989,19747
03,5005,1976,21650
03,5005,1984,21105
03,5006,1976,20694
03,5006,1984,21518
03,5007,1976,25283
03,5007,1984,24754
03,5007,1985,22676
03,5007,1986,20361
03,5007,1987,23821
03,5007,1988,22226
03,5007,1989,21514
03,5007,1990,27625
03,5007,1991,30011
03,5007,1992,33000
03,5007,1993,28500
03,5007,1994,25000
03,5007,1995,31500
03,5007,1996,34000
03,5007,1997,31500
03,5007,1998,33000
03,5007,1999,37500
03,5007,2000,37500
03,5007,2001,35500
03,5007,2002,38000
03,5007,2003,36000
03,5007,2004,37500
03,5007,2005,36500
03,5007,2006,37500
03,5007,2007,38000
03,5007,2008,34500
03,5007,2009,32000
03,5007,2010,32500
03,5007,2011,30500
03,5007,2012,29000
03,5007,2013,30500
03,5007,2014,33000
03,5007,2015,34500
03,5007,2016,34000
03,5007,2017,35000
03,5007,2018,34500
03,5007,2019,33000
03,5007,2020,29000
03,5007,2021,33000
03,5007,2022,33000
03,5007,2023,36000
03,5007,2024,36000
03,5007,2025,36000
03,5008,1976,26954
03,5008,1984,27517
03,5009,1976,27405
03,5009,1984,27403
03,5010,1976,26059
03,5010,1984,27798
03,5011,1976,31355
03,5011,1984,32860
03,5011,1985,29679
03,5011,1986,27890
03,5011,1987,31673
03,5011,1988,30774
03,5011,1989,30180
03,5011,1990,34740
03,5011,1991,40030
03,5011,1992,39500
03,5011,1993,40000
03,5011,1994,39500
03,5011,1995,37500
03,5011,1996,40000
03,5011,1997,39000
03,5011,1998,40500
03,5011,1999,47500
03,5011,2000,49500
03,5011,2001,46000
03,5011,2002,48500
03,5011,2003,47000
03,5011,2004,47500
03,5011,2005,47000
03,5011,2006,47500
03,5011,2007,46500
03,5011,2008,41500
03,5011,2009,38500
03,5011,2010,38000
03,5011,2011,35500
03,5011,2012,38500
03,5011,2013,41000
03,5011,2014,38500
03,5011,2015,40500
03,5011,2016,42000
03,5011,2017,39000
03,5011,2018,38000
03,5011,2019,40500
03,5011,2020,34500
03,5011,2021,39000
03,5011,2022,40500
03,5011,2023,41500
03,5011,2024,41500
03,5011,2025,41500
03,5012,1976,24130
03,5012,1984,29237
03,5014,1976,1166
03,5014,1984,1652
03,5015,1976,845
03,5015,1984,1634
03,5016,1976,779
03,5016,1984,1697
03,5017,1976,812
03,5017,1984,1089
03,5018,1976,5913
03,5018,1984,7527
03,5019,1976,1937
03,5019,1984,1652
03,5020,1976,8518
03,5020,1984,12625
03,5021,1976,6534
03,5021,1984,12446
03,5021,2004,9800
03,5022,2004,10400
03,5025,1976,4758
03,5025,1984,5768
03,5026,1976,8927
03,5026,1984,6070
03,5027,1976,22346
03,5027,1984,23456
03,5028,1976,31938
03,5028,1984,27983
03,5029,1976,29319
03,5029,1984,29868
03,5029,1985,25879
03,5029,1986,24850
03,5029,1987,28091
03,5029,1988,26264
03,5029,1989,25164
03,5029,1990,31790
03,5029,1991,34326
03,5029,1992,35500
03,5029,1993,37000
03,5029,1994,38500
03,5029,1995,39000
03,5029,1996,36000
03,5029,1997,37000
03,5029,1998,39500
03,5029,1999,43500
03,5029,2000,41000
03,5029,2001,39500
03,5029,2002,41000
03,5029,2003,41000
03,5029,2004,42000
03,5029,2005,40500
03,5029,2006,40500
03,5029,2007,43000
03,5029,2008,38500
03,5029,2009,36500
03,5029,2010,37000
03,5029,2011,34500
03,5029,2012,36500
03,5029,2013,37000
03,5029,2014,36500
03,5029,2015,40500
03,5029,2016,39500
03,5029,2017,38500
03,5029,2018,37500
03,5029,2019,36000
03,5029,2020,31500
03,5029,2021,35500
03,5029,2022,39000
03,5029,2023,41000
03,5029,2024,41000
03,5029,2025,41000
03,5030,1976,10414
03,5030,1984,12179
03,5031,1976,10666
03,5031,1984,10464
03,5032,1985,3894
03,5032,1986,5126
03,5032,1987,5051
03,5033,1985,7290
03,5033,1986,7631
03,5033,1987,8106
03,5034,1985,4459
03,5034,1986,5488
03,5034,1987,5038
03,5035,1985,2966
03,5035,1986,3356
03,5035,1987,3254
03,5036,1985,3801
03,5036,1986,4172
03,5036,1987,4330
03,5037,1985,1985
03,5037,1986,2236
03,5037,1987,2449
03,5038,1985,5034
03,5038,1987,6366
03,5039,1985,6042
03,5039,1986,5941
03,5039,1987,6656
03,5040,1985,5562
03,5040,1986,5452
03,5040,1987,6008
03,5041,1985,7103
03,5041,1986,7070
03,5041,1987,7520
03,5042,1985,2560
03,5042,1986,2889
03,5042,1987,3137
03,5043,1985,3198
03,5043,1986,3828
03,5043,1987,4400
03,5044,1985,4497
03,5044,1986,5414
03,5044,1987,4917
03,5045,1985,6495
03,5045,1986,7685
03,5045,1987,6627
03,5046,1985,3775
03,5046,1986,4121
03,5046,1987,3819
03,5047,1985,1372
03,5047,1986,1611
03,5047,1987,1757
03,5048,1985,9405
03,5048,1986,11976
03,5048,1987,9558
03,5049,1985,4963
03,5049,1986,7368
03,5049,1987,4989
03,5050,1985,5660
03,5050,1986,6907
03,5050,1987,5872
03,5051,1985,3622
03,5051,1986,4256
03,5051,1987,3884
03,5052,1985,3896
03,5052,1986,4804
03,5052,1987,4340
03,5053,1985,6403
03,5053,1986,7348
03,5053,1987,7060
03,5054,1985,5304
03,5054,1986,6062
03,5054,1987,5280
03,5055,1985,3911
03,5055,1986,4583
03,5055,1987,5678
03,5629,2014,6700
03,5629,2015,3800
03,5629,2016,3800
03,5629,2017,4000
03,5629,2018,3600
03,5629,2019,3800
03,5629,2020,3800
03,5629,2021,4000
03,5629,2022,4200
03,5629,2023,4600
03,5629,2024,4800
03,5629,2025,4800
03,7001,2005,1000
03,7001,2006,1000
03,7001,2007,1000
03,7001,2008,1100
03,7001,2009,1000
03,7001,2010,950
03,7001,2011,1100
03,7001,2012,1100
03,7001,2013,1100
03,7001,2014,1200
03,7001,2015,1300
03,7001,2016,1400
03,7001,2017,1500
03,7001,2018,450
03,7001,2019,450
03,7001,2020,450
03,7001,2021,450
03,7001,2022,450
03,7001,2023,700
03,7001,2024,750
03,7001,2025,750
03,7002,2005,1000
03,7002,2006,1000
03,7002,2007,1000
03,7002,2008,1100
03,7002,2009,1000
03,7002,2010,950
03,7002,2011,1100
03,7002,2012,1100
03,7002,2013,1100
03,7002,2014,1300
03,7002,2015,1400
03,7002,2016,1500
03,7002,2017,1600
03,7002,2018,1700
03,7002,2019,1700
03,7002,2020,1600
03,7002,2021,1600
03,7002,2022,1600
03,7002,2023,2600
03,7002,2024,2700
03,7002,2025,2800
03,7003,2005,500
03,7003,2006,500
03,7003,2007,500
03,7003,2008,600
03,7003,2009,550
03,7003,2010,550
03,7003,2011,500
03,7003,2012,500
03,7003,2013,500
03,7003,2014,500
03,7003,2015,550
03,7003,2016,600
03,7003,2017,650
03,7003,2018,700
03,7003,2019,700
03,7003,2020,650
03,7003,2021,650
03,7003,2022,650
03,7003,2023,1300
03,7003,2024,1300
03,7003,2025,1300
03,7004,2005,400
03,7004,2006,400
03,7004,2007,400
03,7004,2008,450
03,7004,2009,450
03,7004,2010,450
03,7004,2011,400
03,7004,2012,400
03,7004,2013,400
03,7004,2014,350
03,7004,2015,350
03,7004,2016,350
03,7004,2017,350
03,7004,2018,1500
03,7004,2019,1500
03,7004,2020,1400
03,7004,2021,1400
03,7004,2022,1400
03,7004,2023,2200
03,7004,2024,2300
03,7004,2025,2400
03,7005,2015,100
03,7005,2016,100
03,7005,2017,150
03,7005,2018,100
03,7005,2019,100
03,7005,2020,100
03,7005,2021,100
03,7005,2022,100
03,7005,2023,150
03,7005,2024,150
03,7005,2025,150
03,7006,2015,100
03,7006,2016,100
03,7006,2017,150
03,7006,2018,100
03,7006,2019,100
03,7006,2020,100
03,7006,2021,100
03,7006,2022,100
03,7006,2023,250
03,7006,2024,250
03,7006,2025,250
03,7007,2015,400
03,7007,2016,450
03,7007,2017,1000
03,7007,2018,850
03,7007,2019,850
03,7007,2020,850
03,7007,2021,850
03,7007,2022,850
03,7007,2023,150
03,7007,2024,150
03,7007,2025,150
03,7011,2005,2800
03,7011,2006,2900
03,7011,2007,2900
03,7011,2008,2200
03,7011,2009,2200
03,7011,2010,2200
03,7011,2011,2000
03,7011,2012,2000
03,7011,2013,2100
03,7011,2014,2300
03,7011,2015,2500
03,7011,2016,2700
03,7011,2017,2800
03,7011,2018,2500
03,7011,2019,2600
03,7011,2020,2500
03,7011,2021,2500
03,7011,2022,3100
03,7011,2023,2400
03,7011,2024,2500
03,7011,2025,2500
03,7012,2005,3100
03,7012,2006,3200
03,7012,2007,3200
03,7012,2008,2000
03,7012,2009,2000
03,7012,2010,2000
03,7012,2011,1900
03,7012,2012,1900
03,7012,2013,2000
03,7012,2014,2100
03,7012,2015,2200
03,7012,2016,2400
03,7012,2017,2500
03,7012,2018,2200
03,7012,2019,2300
03,7012,2020,2200
03,7012,2021,2200
03,7012,2022,2700
03,7012,2023,2800
03,7012,2024,2900
03,7012,2025,3000
03,7013,2005,11500
03,7013,2006,11500
03,7013,2007,11500
03,7013,2008,11000
03,7013,2009,11000
03,7013,2010,11000
03,7013,2011,10500
03,7013,2012,11000
03,7013,2013,11500
03,7013,2014,10500
03,7013,2015,11000
03,7013,2016,12000
03,7013,2017,12500
03,7013,2018,13500
03,7013,2019,14000
03,7013,2020,13500
03,7013,2021,13500
03,7013,2022,15000
03,7013,2023,14500
03,7013,2024,15000
03,7013,2025,15500
03,7014,2005,12500
03,7014,2006,13000
03,7014,2007,13000
03,7014,2008,11500
03,7014,2009,11500
03,7014,2010,11500
03,7014,2011,11000
03,7014,2012,11500
03,7014,2013,12000
03,7014,2014,11000
03,7014,2015,12000
03,7014,2016,13000
03,7014,2017,13500
03,7014,2018,14000
03,7014,2019,14500
03,7014,2020,14000
03,7014,2021,14000
03,7014,2022,16500
03,7014,2023,16500
03,7014,2024,17000
03,7014,2025,17500
03,7021,2005,3200
03,7021,2006,3300
03,7021,2007,3300
03,7021,2008,4200
03,7021,2009,4100
03,7021,2010,4000
03,7021,2011,4900
03,7021,2012,5000
03,7021,2013,5200
03,7021,2014,4600
03,7021,2015,4900
03,7021,2016,5200
03,7021,2017,5500
03,7021,2018,5300
03,7021,2019,5500
03,7021,2020,5300
03,7021,2021,5300
03,7021,2022,5300
03,7021,2023,6000
03,7021,2024,6200
03,7021,2025,6300
03,7022,2005,3300
03,7022,2006,3400
03,7022,2007,3400
03,7022,2008,4600
03,7022,2009,4500
03,7022,2010,4400
03,7022,2011,5200
03,7022,2012,5300
03,7022,2013,5600
03,7022,2014,5500
03,7022,2015,5900
03,7022,2016,6300
03,7022,2017,6600
03,7022,2018,6300
03,7022,2019,6500
03,7022,2020,6300
03,7022,2021,6400
03,7022,2022,6400
03,7022,2023,7600
03,7022,2024,7900
03,7022,2025,8000
03,7023,2005,17000
03,7023,2006,17500
03,7023,2007,17500
03,7023,2008,8700
03,7023,2009,8500
03,7023,2010,8300
03,7023,2011,8800
03,7023,2012,9000
03,7023,2013,9400
03,7023,2014,10000
03,7023,2015,10500
03,7023,2016,11000
03,7023,2017,11500
03,7023,2018,11000
03,7023,2019,11500
03,7023,2020,11000
03,7023,2021,11000
03,7023,2022,11000
03,7023,2023,12500
03,7023,2024,13000
03,7023,2025,13000
03,7024,2005,17000
03,7024,2006,17500
03,7024,2007,17500
03,7024,2008,9200
03,7024,2009,9000
03,7024,2010,8800
03,7024,2011,9100
03,7024,2012,9300
03,7024,2013,9700
03,7024,2014,11000
03,7024,2015,12000
03,7024,2016,13000
03,7024,2017,13500
03,7024,2018,11000
03,7024,2019,11500
03,7024,2020,11000
03,7024,2021,11000
03,7024,2022,11000
03,7024,2023,13000
03,7024,2024,13500
03,7024,2025,13500
03,7031,2005,5400
03,7031,2006,5500
03,7031,2007,5600
03,7031,2008,5800
03,7031,2009,5700
03,7031,2010,5600
03,7031,2011,6900
03,7031,2012,7100
03,7031,2013,7400
03,7031,2014,8300
03,7031,2015,8900
03,7031,2016,9500
03,7031,2017,10000
03,7031,2018,8800
03,7031,2019,9100
03,7031,2020,8800
03,7031,2021,8900
03,7031,2022,11000
03,7031,2023,10500
03,7031,2024,11000
03,7031,2025,11000
03,7032,2005,4900
03,7032,2006,5000
03,7032,2007,5000
03,7032,2008,6000
03,7032,2009,5900
03,7032,2010,5800
03,7032,2011,7300
03,7032,2012,7500
03,7032,2013,7900
03,7032,2014,8900
03,7032,2015,9500
03,7032,2016,10000
03,7032,2017,10500
03,7032,2018,8900
03,7032,2019,9200
03,7032,2020,8900
03,7032,2021,9000
03,7032,2022,11500
03,7032,2023,10500
03,7032,2024,11000
03,7032,2025,11000
03,7033,2005,14000
03,7033,2006,14500
03,7033,2007,14500
03,7033,2008,11500
03,7033,2009,11500
03,7033,2010,11500
03,7033,2011,14000
03,7033,2012,14500
03,7033,2013,15000
03,7033,2014,17000
03,7033,2015,18000
03,7033,2016,19000
03,7033,2017,20000
03,7033,2018,18500
03,7033,2019,19000
03,7033,2020,18500
03,7033,2021,18500
03,7033,2022,22000
03,7033,2023,19500
03,7033,2024,20000
03,7033,2025,20500
03,7034,2005,13500
03,7034,2006,14000
03,7034,2007,14000
03,7034,2008,11500
03,7034,2009,11500
03,7034,2010,11500
03,7034,2011,13500
03,7034,2012,14000
03,7034,2013,14500
03,7034,2014,16500
03,7034,2015,17500
03,7034,2016,18500
03,7034,2017,19500
03,7034,2018,18000
03,7034,2019,18500
03,7034,2020,18000
03,7034,2021,18000
03,7034,2022,21500
03,7034,2023,20500
03,7034,2024,21000
03,7034,2025,21500
03,7035,2009,5800
03,7035,2010,5700
03,7035,2011,5800
03,7035,2012,1300
03,7035,2013,1400
03,7035,2014,1500
03,7035,2015,1600
03,7035,2016,1700
03,7035,2017,1800
03,7035,2018,2200
03,7035,2019,2300
03,7035,2020,2200
03,7035,2021,2200
03,7035,2022,2500
03,7035,2023,2400
03,7035,2024,2500
03,7035,2025,2500
03,7036,2009,1400
03,7036,2010,1400
03,7036,2011,1400
03,7036,2012,1400
03,7036,2013,1500
03,7036,2014,1600
03,7036,2015,1900
03,7036,2016,2000
03,7036,2017,2100
03,7036,2018,2200
03,7036,2019,2300
03,7036,2020,2200
03,7036,2021,2200
03,7036,2022,2600
03,7036,2023,2500
03,7036,2024,2600
03,7036,2025,2600
03,7037,2009,11000
03,7037,2010,11000
03,7037,2011,11500
03,7037,2012,13500
03,7037,2013,14000
03,7037,2014,15000
03,7037,2015,18500
03,7037,2016,20000
03,7037,2017,21000
03,7037,2018,19000
03,7037,2019,19500
03,7037,2020,19000
03,7037,2021,19000
03,7037,2022,21500
03,7037,2023,21000
03,7037,2024,21500
03,7037,2025,22000
03,7038,2009,3800
03,7038,2010,3700
03,7038,2011,3800
03,7038,2012,7900
03,7038,2013,8300
03,7038,2014,8800
03,7038,2015,10000
03,7038,2016,10500
03,7038,2017,11000
03,7038,2018,11000
03,7038,2019,11500
03,7038,2020,11000
03,7038,2021,11000
03,7038,2022,12000
03,7038,2023,12000
03,7038,2024,12500
03,7038,2025,12500
03,7039,2009,6500
03,7039,2010,6400
03,7039,2011,6600
03,7039,2012,5600
03,7039,2013,5900
03,7039,2014,6200
03,7039,2015,6700
03,7039,2016,7200
03,7039,2017,7600
03,7039,2018,7100
03,7039,2019,7300
03,7039,2020,7100
03,7039,2021,7200
03,7039,2022,8700
03,7039,2023,8600
03,7039,2024,8900
03,7039,2025,9100
03,9950,2012,75022
03,9950,2013,79834
03,9950,2014,85506
03,9950,2015,92399
03,9950,2016,97041
03,9950,2017,97387
03,9950,2018,99582
03,9950,2019,105903
03,9950,2020,90041
03,9950,2021,103888
03,9950,2022,108699
03,9950,2023,111849
03,9950,2024,115657
03,9950,2025,116388
03,9975,2024,23025
03,9975,2025,22834
