site,date,volume
0094,2024-01-01,30970
0094,2024-01-02,50891
0094,2024-01-03,52477
0094,2024-01-04,52252
0094,2024-01-05,53538
0094,2024-01-06,41114
0094,2024-01-07,34120
0094,2024-01-08,49999
0094,2024-01-09,50544
0094,2024-01-10,52101
0094,2024-01-11,52160
0094,2024-01-12,53862
0094,2024-01-13,43865
0094,2024-01-14,34090
0094,2024-01-15,46758
0094,2024-01-16,51451
0094,2024-01-17,52923
0094,2024-01-18,52991
0094,2024-01-19,53941
0094,2024-01-20,46981
0094,2024-01-21,35936
0094,2024-01-22,50910
0094,2024-01-23,52486
0094,2024-01-24,52696
0094,2024-01-25,53201
0094,2024-01-26,54929
0094,2024-01-27,46244
0094,2024-01-28,35168
0094,2024-01-29,52209
0094,2024-01-30,52837
0094,2024-01-31,52454
0094,2024-02-01,53025
0094,2024-02-02,55896
0094,2024-02-03,48615
0094,2024-02-04,35113
0094,2024-02-05,50351
0094,2024-02-06,53516
0094,2024-02-07,53800
0094,2024-02-08,53846
0094,2024-02-09,57667
0094,2024-02-10,49985
0094,2024-02-11,37036
0094,2024-02-12,52235
0094,2024-02-13,55263
0094,2024-02-14,56127
0094,2024-02-15,54008
0094,2024-02-16,56198
0094,2024-02-17,47157
0094,2024-02-18,33490
0094,2024-02-19,50993
0094,2024-02-20,54323
0094,2024-02-21,54596
0094,2024-02-22,54469
0094,2024-02-23,56086
0094,2024-02-24,47371
0094,2024-02-25,39499
0094,2024-02-26,52621
0094,2024-02-27,54350
0094,2024-02-28,54260
0094,2024-02-29,54175
0094,2024-03-01,54990
0094,2024-03-02,46517
0094,2024-03-03,38170
0094,2024-03-04,52147
0094,2024-03-05,54288
0094,2024-03-06,52830
0094,2024-03-07,53809
0094,2024-03-08,56028
0094,2024-03-09,47237
0094,2024-03-10,37219
0094,2024-03-11,51454
0094,2024-03-12,53560
0094,2024-03-13,53060
0094,2024-03-14,53062
0094,2024-03-15,54376
0094,2024-03-16,45989
0094,2024-03-17,37800
0094,2024-03-18,51835
0094,2024-03-19,54359
0094,2024-03-20,53853
0094,2024-03-21,53623
0094,2024-03-22,48286
0094,2024-03-23,45731
0094,2024-03-24,38022
0094,2024-03-25,52573
0094,2024-03-26,54016
0094,2024-03-27,53755
0094,2024-03-28,54605
0094,2024-03-29,53267
0094,2024-03-30,45140
0094,2024-03-31,32873
0094,2024-04-01,50645
0094,2024-04-02,52564
0094,2024-04-03,51861
0094,2024-04-04,52704
0094,2024-04-05,54270
0094,2024-04-06,44579
0094,2024-04-07,34988
0094,2024-04-08,49174
0094,2024-04-09,50350
0094,2024-04-10,51062
0094,2024-04-11,50027
0094,2024-04-12,52881
0094,2024-04-13,45003
0094,2024-04-14,36875
0094,2024-04-15,51065
0094,2024-04-16,52374
0094,2024-04-17,52586
0094,2024-04-18,52322
0094,2024-04-19,53476
0094,2024-04-20,44113
0094,2024-04-21,34511
0094,2024-04-22,47529
0094,2024-04-23,49809
0094,2024-04-24,49725
0094,2024-04-25,49174
0094,2024-04-26,50203
0094,2024-04-27,41671
0094,2024-04-28,33111
0094,2024-04-29,46663
0094,2024-04-30,47557
0094,2024-05-01,47718
0094,2024-05-02,47594
0094,2024-05-03,48963
0094,2024-05-04,37892
0094,2024-05-05,31224
0094,2024-05-06,45307
0094,2024-05-07,45982
0094,2024-05-08,46203
0094,2024-05-09,46062
0094,2024-05-10,47949
0094,2024-05-11,38898
0094,2024-05-12,31961
0094,2024-05-13,43407
0094,2024-05-14,44883
0094,2024-05-15,47073
0094,2024-05-16,45279
0094,2024-05-17,46702
0094,2024-05-18,37611
0094,2024-05-19,29101
0094,2024-05-20,43559
0094,2024-05-21,44430
0094,2024-05-22,45074
0094,2024-05-23,45790
0094,2024-05-24,47217
0094,2024-05-25,38096
0094,2024-05-26,31667
0094,2024-05-27,30512
0094,2024-05-28,44164
0094,2024-05-29,43828
0094,2024-05-30,43565
0094,2024-05-31,43985
0094,2024-06-01,35792
0094,2024-06-02,27789
0094,2024-06-03,41190
0094,2024-06-04,42981
0094,2024-06-05,42933
0094,2024-06-06,42648
0094,2024-06-07,43980
0094,2024-06-08,34919
0094,2024-06-09,28238
0094,2024-06-10,40483
0094,2024-06-11,35951
0094,2024-06-12,36278
0094,2024-06-13,37063
0094,2024-06-14,42365
0094,2024-06-15,33369
0094,2024-06-16,27775
0094,2024-06-17,40329
0094,2024-06-18,41641
0094,2024-06-19,41886
0094,2024-06-20,42050
0094,2024-06-21,43116
0094,2024-06-22,33367
0094,2024-06-23,26783
0094,2024-06-24,40418
0094,2024-06-25,41148
0094,2024-06-26,41421
0094,2024-06-27,42439
0094,2024-06-28,42402
0094,2024-06-29,32995
0094,2024-06-30,26269
0094,2024-07-01,40025
0094,2024-07-02,41310
0094,2024-07-03,42345
0094,2024-07-04,29607
0094,2024-07-05,38278
0094,2024-07-06,32572
0094,2024-07-07,27519
0094,2024-07-08,40783
0094,2024-07-09,41066
0094,2024-07-10,41206
0094,2024-07-11,40967
0094,2024-07-12,41774
0094,2024-07-13,33527
0094,2024-07-14,25778
0094,2024-07-15,39547
0094,2024-07-16,40091
0094,2024-07-17,41054
0094,2024-07-18,41128
0094,2024-07-19,42229
0094,2024-07-20,33756
0094,2024-07-21,26657
0094,2024-07-22,38501
0094,2024-07-23,40218
0094,2024-07-24,40482
0094,2024-07-25,41369
0094,2024-07-26,42624
0094,2024-07-27,34399
0094,2024-07-28,27609
0094,2024-07-29,38824
0094,2024-07-30,39981
0094,2024-07-31,41253
0094,2024-08-01,41938
0094,2024-08-02,41810
0094,2024-08-03,30988
0094,2024-08-04,17257
0094,2024-08-05,38935
0094,2024-08-06,40948
0094,2024-08-07,42076
0094,2024-08-08,41824
0094,2024-08-09,43126
0094,2024-08-10,35289
0094,2024-08-11,28282
0094,2024-08-12,41625
0094,2024-08-13,42690
0094,2024-08-14,42624
0094,2024-08-15,42626
0094,2024-08-16,41927
0094,2024-08-17,35847
0094,2024-08-18,27598
0094,2024-08-19,40457
0094,2024-08-20,41667
0094,2024-08-21,41747
0094,2024-08-22,41848
0094,2024-08-23,43464
0094,2024-08-24,33784
0094,2024-08-25,26610
0094,2024-08-26,39871
0094,2024-08-27,41653
0094,2024-08-28,40779
0094,2024-08-29,41621
0094,2024-08-30,43686
0094,2024-08-31,33283
0094,2024-09-01,28102
0094,2024-09-02,25964
0094,2024-09-03,40105
0094,2024-09-04,41435
0094,2024-09-05,41782
0094,2024-09-06,42993
0094,2024-09-07,34319
0094,2024-09-08,26347
0094,2024-09-09,40467
0094,2024-09-10,40479
0094,2024-09-11,42211
0094,2024-09-12,42333
0094,2024-09-13,43632
0094,2024-09-14,34468
0094,2024-09-15,26362
0094,2024-09-16,40470
0094,2024-09-17,41801
0094,2024-09-18,42555
0094,2024-09-19,42713
0094,2024-09-20,43932
0094,2024-09-21,34398
0094,2024-09-22,27283
0094,2024-09-23,40745
0094,2024-09-24,43496
0094,2024-09-25,41251
0094,2024-09-26,22561
0094,2024-09-27,40448
0094,2024-09-28,33850
0094,2024-09-29,26882
0094,2024-09-30,41731
0094,2024-10-01,43045
0094,2024-10-02,43011
0094,2024-10-03,43494
0094,2024-10-04,44722
0094,2024-10-05,35019
0094,2024-10-06,26545
0094,2024-10-07,39207
0094,2024-10-08,25649
0094,2024-10-09,7352
0094,2024-10-10,26594
0094,2024-10-11,41373
0094,2024-10-12,36082
0094,2024-10-13,28784
0094,2024-10-14,44850
0094,2024-10-15,46287
0094,2024-10-16,45769
0094,2024-10-17,46573
0094,2024-10-18,47770
0094,2024-10-19,38319
0094,2024-10-20,29665
0094,2024-10-21,45135
0094,2024-10-22,46724
0094,2024-10-23,47158
0094,2024-10-24,47846
0094,2024-10-25,48880
0094,2024-10-26,39081
0094,2024-10-27,30774
0094,2024-10-28,46115
0094,2024-10-29,47354
0094,2024-10-30,48231
0094,2024-10-31,48843
0094,2024-11-01,49379
0094,2024-11-02,40362
0094,2024-11-03,31333
0094,2024-11-04,46501
0094,2024-11-05,47702
0094,2024-11-06,47569
0094,2024-11-07,48047
0094,2024-11-08,51062
0094,2024-11-09,41991
0094,2024-11-10,33149
0094,2024-11-11,46711
0094,2024-11-12,49286
0094,2024-11-13,49395
0094,2024-11-14,49801
0094,2024-11-15,50923
0094,2024-11-16,41757
0094,2024-11-17,32682
0094,2024-11-18,47442
0094,2024-11-19,49194
0094,2024-11-20,48935
0094,2024-11-21,49295
0094,2024-11-22,50778
0094,2024-11-23,41544
0094,2024-11-24,32519
0094,2024-11-25,47821
0094,2024-11-26,48790
0094,2024-11-27,48045
0094,2024-11-28,24018
0094,2024-11-29,42290
0094,2024-11-30,38762
0094,2024-12-01,31853
0094,2024-12-02,47120
0094,2024-12-03,49476
0094,2024-12-04,48368
0094,2024-12-05,48393
0094,2024-12-06,50863
0094,2024-12-07,41855
0094,2024-12-08,32738
0094,2024-12-09,47656
0094,2024-12-10,49254
0094,2024-12-11,48360
0094,2024-12-12,50114
0094,2024-12-13,50807
0094,2024-12-14,41709
0094,2024-12-15,32706
0094,2024-12-16,47967
0094,2024-12-17,48776
0094,2024-12-18,49964
0094,2024-12-19,50185
0094,2024-12-20,51218
0094,2024-12-21,42222
0094,2024-12-22,34711
0094,2024-12-23,49246
0094,2024-12-24,42436
0094,2024-12-25,20525
0094,2024-12-26,44633
0094,2024-12-27,48026
0094,2024-12-28,41792
0094,2024-12-29,35791
0094,2024-12-30,49838
0094,2024-12-31,47593
0143,2024-01-01,18967
0143,2024-01-02,22930
0143,2024-01-03,22931
0143,2024-01-04,22971
0143,2024-01-05,26198
0143,2024-01-06,21296
0143,2024-01-07,18514
0143,2024-01-08,23050
0143,2024-01-09,22426
0143,2024-01-10,23451
0143,2024-01-11,23573
0143,2024-01-12,26100
0143,2024-01-13,23619
0143,2024-01-14,18610
0143,2024-01-15,21814
0143,2024-01-16,23071
0143,2024-01-17,23391
0143,2024-01-18,23212
0143,2024-01-19,26543
0143,2024-01-20,27119
0143,2024-01-21,19182
0143,2024-01-22,23955
0143,2024-01-24,23297
0143,2024-01-25,23974
0143,2024-01-26,27009
0143,2024-01-27,24146
0143,2024-01-28,20290
0143,2024-01-29,23556
0143,2024-01-30,23467
0143,2024-01-31,23579
0143,2024-02-01,24075
0143,2024-02-02,26913
0143,2024-02-03,26282
0143,2024-02-04,18901
0143,2024-02-05,22708
0143,2024-02-06,24189
0143,2024-02-07,24918
0143,2024-02-08,24430
0143,2024-02-09,27648
0143,2024-02-10,26791
0143,2024-02-11,21336
0143,2024-02-12,23960
0143,2024-02-13,24695
0143,2024-02-14,25006
0143,2024-02-15,25132
0143,2024-02-16,28440
0143,2024-02-17,24776
0143,2024-02-18,17680
0143,2024-02-19,24255
0143,2024-02-20,24132
0143,2024-02-21,24017
0143,2024-02-22,25904
0143,2024-02-23,27500
0143,2024-02-24,25668
0143,2024-02-25,22156
0143,2024-02-26,24337
0143,2024-02-27,24543
0143,2024-02-28,24947
0143,2024-02-29,25176
0143,2024-03-01,27691
0143,2024-03-02,26054
0143,2024-03-03,21490
0143,2024-03-04,24092
0143,2024-03-05,24462
0143,2024-03-06,23978
0143,2024-03-07,24829
0143,2024-03-08,27241
0143,2024-03-09,24889
0143,2024-03-10,21002
0143,2024-03-11,23342
0143,2024-03-12,23850
0143,2024-03-14,24807
0143,2024-03-15,27246
0143,2024-03-16,25027
0143,2024-03-17,21175
0143,2024-03-18,24432
0143,2024-03-19,24620
0143,2024-03-20,24635
0143,2024-03-21,25096
0143,2024-03-22,24016
0143,2024-03-23,23853
0143,2024-03-24,21100
0143,2024-03-25,24797
0143,2024-03-26,24888
0143,2024-03-27,25315
0143,2024-03-28,26096
0143,2024-03-29,26583
0143,2024-03-30,24973
0143,2024-03-31,21467
0143,2024-04-01,25347
0143,2024-04-02,24667
0143,2024-04-03,24603
0143,2024-04-04,25430
0143,2024-04-05,27877
0143,2024-04-06,24886
0143,2024-04-07,22319
0143,2024-04-08,23852
0143,2024-04-09,24369
0143,2024-04-10,25315
0143,2024-04-11,24486
0143,2024-04-12,27868
0143,2024-04-13,25410
0143,2024-04-14,21135
0143,2024-04-15,24513
0143,2024-04-16,24141
0143,2024-04-17,25089
0143,2024-04-18,25032
0143,2024-04-19,27408
0143,2024-04-20,25537
0143,2024-04-21,20771
0143,2024-04-22,23190
0143,2024-04-23,24614
0143,2024-04-24,24249
0143,2024-04-25,24704
0143,2024-04-26,27421
0143,2024-04-27,25155
0143,2024-04-28,20977
0143,2024-04-29,23633
0143,2024-04-30,24226
0143,2024-05-01,24060
0143,2024-05-02,24475
0143,2024-05-03,27252
0143,2024-05-04,24439
0143,2024-05-05,20472
0143,2024-05-06,23418
0143,2024-05-07,25086
0143,2024-05-08,23536
0143,2024-05-09,23899
0143,2024-05-10,27547
0143,2024-05-11,25124
0143,2024-05-12,21897
0143,2024-05-13,23496
0143,2024-05-14,24055
0143,2024-05-15,23848
0143,2024-05-16,24257
0143,2024-05-17,26502
0143,2024-05-18,23671
0143,2024-05-19,20554
0143,2024-05-20,22675
0143,2024-05-21,23772
0143,2024-05-22,23681
0143,2024-05-23,24183
0143,2024-05-24,27857
0143,2024-05-25,23350
0143,2024-05-26,20104
0143,2024-05-27,19802
0143,2024-05-28,23260
0143,2024-05-29,22893
0143,2024-05-30,23203
0143,2024-05-31,25544
0143,2024-06-01,22374
0143,2024-06-02,18311
0143,2024-06-03,21656
0143,2024-06-04,22037
0143,2024-06-05,22293
0143,2024-06-06,22310
0143,2024-06-07,24507
0143,2024-06-08,22038
0143,2024-06-09,18716
0143,2024-06-10,21883
0143,2024-06-11,19217
0143,2024-06-12,18311
0143,2024-06-13,18580
0143,2024-06-14,22578
0143,2024-06-15,21831
0143,2024-06-16,19455
0143,2024-06-17,21847
0143,2024-06-18,21436
0143,2024-06-19,21697
0143,2024-06-20,22000
0143,2024-06-21,24134
0143,2024-06-22,21653
0143,2024-06-23,18531
0143,2024-06-24,21119
0143,2024-06-25,21105
0143,2024-06-26,21629
0143,2024-06-27,21948
0143,2024-06-28,23525
0143,2024-06-29,22333
0143,2024-06-30,18097
0143,2024-07-01,20867
0143,2024-07-02,21177
0143,2024-07-03,22846
0143,2024-07-04,17326
0143,2024-07-05,21108
0143,2024-07-06,20644
0143,2024-07-07,18638
0143,2024-07-08,21534
0143,2024-07-09,21362
0143,2024-07-10,21223
0143,2024-07-11,21195
0143,2024-07-12,23985
0143,2024-07-13,21125
0143,2024-07-14,18063
0143,2024-07-15,21259
0143,2024-07-16,21206
0143,2024-07-17,21306
0143,2024-07-18,22192
0143,2024-07-19,24270
0143,2024-07-20,22322
0143,2024-07-21,18960
0143,2024-07-22,21644
0143,2024-07-23,22294
0143,2024-07-24,21926
0143,2024-07-25,23199
0143,2024-07-26,24266
0143,2024-07-27,22566
0143,2024-07-28,19330
0143,2024-07-29,22569
0143,2024-07-30,22313
0143,2024-07-31,22630
0143,2024-08-01,23903
0143,2024-08-02,25206
0143,2024-08-03,20518
0143,2024-08-04,14784
0143,2024-08-05,21170
0143,2024-08-06,22344
0143,2024-08-07,22897
0143,2024-08-08,23049
0143,2024-08-09,25450
0143,2024-08-10,24233
0143,2024-08-11,20270
0143,2024-08-12,23275
0143,2024-08-13,23525
0143,2024-08-14,23160
0143,2024-08-15,23625
0143,2024-08-16,26102
0143,2024-08-17,23757
0143,2024-08-18,20254
0143,2024-08-19,23281
0143,2024-08-20,23195
0143,2024-08-21,22783
0143,2024-08-22,23568
0143,2024-08-23,25074
0143,2024-08-24,23297
0143,2024-08-25,19465
0143,2024-08-26,23428
0143,2024-08-27,22988
0143,2024-08-28,23157
0143,2024-08-29,23731
0143,2024-08-30,26793
0143,2024-08-31,23102
0143,2024-09-01,19478
0143,2024-09-02,19843
0143,2024-09-03,22966
0143,2024-09-04,22668
0143,2024-09-05,23242
0143,2024-09-06,24954
0143,2024-09-07,22661
0143,2024-09-08,19067
0143,2024-09-09,22462
0143,2024-09-10,22590
0143,2024-09-11,23251
0143,2024-09-12,23354
0143,2024-09-13,25630
0143,2024-09-14,25917
0143,2024-09-15,19108
0143,2024-09-16,21462
0143,2024-09-17,22474
0143,2024-09-18,22542
0143,2024-09-19,22822
0143,2024-09-20,25719
0143,2024-09-21,23770
0143,2024-09-22,19678
0143,2024-09-23,22903
0143,2024-09-24,23147
0143,2024-09-25,22297
0143,2024-09-26,11922
0143,2024-09-27,21693
0143,2024-09-28,22456
0143,2024-09-29,19635
0143,2024-09-30,22964
0143,2024-10-01,22894
0143,2024-10-02,22864
0143,2024-10-03,23196
0143,2024-10-04,26172
0143,2024-10-05,22535
0143,2024-10-06,17462
0143,2024-10-07,23419
0143,2024-10-08,18889
0143,2024-10-09,5044
0143,2024-10-10,14006
0143,2024-10-11,22028
0143,2024-10-12,21485
0143,2024-10-13,18684
0143,2024-10-14,22831
0143,2024-10-15,22991
0143,2024-10-16,23372
0143,2024-10-17,23497
0143,2024-10-18,25676
0143,2024-10-19,23769
0143,2024-10-20,20181
0143,2024-10-21,23579
0143,2024-10-22,22899
0143,2024-10-23,22499
0143,2024-10-24,22434
0143,2024-10-25,222
0191,2024-01-01,75833
0191,2024-01-02,105206
0191,2024-01-03,105990
0191,2024-01-04,108796
0191,2024-01-05,104996
0191,2024-01-06,81840
0191,2024-01-07,77428
0191,2024-01-08,94387
0191,2024-01-09,90037
0191,2024-01-10,100664
0191,2024-01-11,89005
0191,2024-01-12,93561
0191,2024-01-13,84067
0191,2024-01-14,78683
0191,2024-01-15,102554
0191,2024-01-16,90104
0191,2024-01-17,99797
0191,2024-01-18,110152
0191,2024-01-19,113436
0191,2024-01-20,96217
0191,2024-01-21,83975
0191,2024-01-22,103997
0191,2024-01-23,104355
0191,2024-01-24,107305
0191,2024-01-25,106273
0191,2024-01-26,111421
0191,2024-01-27,97852
0191,2024-01-28,86085
0191,2024-01-29,106700
0191,2024-01-30,105379
0191,2024-01-31,104802
0191,2024-02-01,112388
0191,2024-02-02,115245
0191,2024-02-03,102002
0191,2024-02-04,80664
0191,2024-02-05,101094
0191,2024-02-06,107407
0191,2024-02-07,108610
0191,2024-02-08,112132
0191,2024-02-09,93380
0191,2024-02-10,66376
0191,2024-02-11,62171
0191,2024-02-12,107992
0191,2024-02-13,107773
0191,2024-02-14,110174
0191,2024-02-15,114943
0191,2024-02-16,119818
0191,2024-02-17,106129
0191,2024-02-18,80846
0191,2024-02-19,112342
0191,2024-02-20,110760
0191,2024-02-21,112676
0191,2024-02-22,110394
0191,2024-02-23,119963
0191,2024-02-24,105327
0191,2024-02-25,94801
0191,2024-02-26,110436
0191,2024-02-27,109646
0191,2024-02-28,111443
0191,2024-02-29,114416
0191,2024-03-01,118601
0191,2024-03-02,101371
0191,2024-03-03,92785
0191,2024-03-04,108634
0191,2024-03-05,108198
0191,2024-03-06,109023
0191,2024-03-07,115245
0191,2024-03-08,120282
0191,2024-03-09,103443
0191,2024-03-10,93392
0191,2024-03-11,112269
0191,2024-03-12,109221
0191,2024-03-13,111387
0191,2024-03-14,112556
0191,2024-03-15,117550
0191,2024-03-16,102978
0191,2024-03-17,93546
0191,2024-03-18,110915
0191,2024-03-19,111596
0191,2024-03-20,113387
0191,2024-03-21,116486
0191,2024-03-22,105726
0191,2024-03-23,99919
0191,2024-03-24,95295
0191,2024-03-25,110109
0191,2024-03-26,111984
0191,2024-03-27,114389
0191,2024-03-28,119223
0191,2024-03-29,119474
0191,2024-03-30,100441
0191,2024-03-31,88566
0191,2024-04-01,107467
0191,2024-04-02,108428
0191,2024-04-03,105964
0191,2024-04-04,111951
0191,2024-04-05,118035
0191,2024-04-06,98934
0191,2024-04-07,85971
0191,2024-04-08,104263
0191,2024-04-09,103798
0191,2024-04-10,105675
0191,2024-04-11,106303
0191,2024-04-12,116969
0191,2024-04-13,97582
0191,2024-04-14,86916
0191,2024-04-15,104842
0191,2024-04-16,104019
0191,2024-04-17,105394
0191,2024-04-18,108992
0191,2024-04-19,116070
0191,2024-04-20,96492
0191,2024-04-21,85796
0191,2024-04-22,104180
0191,2024-04-23,100361
0191,2024-04-24,97591
0191,2024-04-25,98721
0191,2024-04-26,106777
0191,2024-04-27,86776
0191,2024-04-28,79494
0191,2024-04-29,92564
0191,2024-04-30,90180
0191,2024-05-01,101591
0191,2024-05-02,98476
0191,2024-05-03,110368
0191,2024-05-04,80899
0191,2024-05-05,68901
0191,2024-05-06,90738
0191,2024-05-07,86761
0191,2024-05-08,89159
0191,2024-05-09,84168
0191,2024-05-10,95819
0191,2024-05-11,78895
0191,2024-05-12,74779
0191,2024-05-13,98645
0191,2024-05-14,97263
0191,2024-05-15,97183
0191,2024-05-16,91951
0191,2024-05-17,108488
0191,2024-05-18,84125
0191,2024-05-19,65129
0191,2024-05-20,88902
0191,2024-05-21,79227
0191,2024-05-22,88318
0191,2024-05-23,88998
0191,2024-05-24,99307
0191,2024-05-25,78853
0191,2024-05-26,65659
0191,2024-05-27,68336
0191,2024-05-28,90396
0191,2024-05-29,93799
0191,2024-05-30,91595
0191,2024-05-31,94706
0191,2024-06-01,75041
0191,2024-06-02,64893
0191,2024-06-03,81389
0191,2024-06-04,78600
0191,2024-06-05,87357
0191,2024-06-06,88659
0191,2024-06-07,90008
0191,2024-06-08,67386
0191,2024-06-09,61472
0191,2024-06-10,86517
0191,2024-06-11,76111
0191,2024-06-12,72045
0191,2024-06-13,82365
0191,2024-06-14,91310
0191,2024-06-15,71617
0191,2024-06-16,64115
0191,2024-06-17,83754
0191,2024-06-18,84428
0191,2024-06-19,93631
0191,2024-06-20,95538
0191,2024-06-21,83899
0191,2024-06-22,65665
0191,2024-06-23,58837
0191,2024-06-24,77595
0191,2024-06-25,77063
0191,2024-06-26,76982
0191,2024-06-27,79594
0191,2024-06-28,82856
0191,2024-06-29,67150
0191,2024-06-30,57941
0191,2024-07-01,76295
0191,2024-07-02,76033
0191,2024-07-03,82358
0191,2024-07-04,53443
0191,2024-07-05,71805
0191,2024-07-06,66266
0191,2024-07-07,64967
0191,2024-07-08,77033
0191,2024-07-09,76200
0191,2024-07-10,60102
0191,2024-07-11,59379
0191,2024-07-12,60813
0191,2024-07-13,49951
0191,2024-07-14,43352
0191,2024-07-15,58573
0191,2024-07-16,56537
0191,2024-07-17,57946
0191,2024-07-18,58397
0191,2024-07-19,61868
0191,2024-07-20,51980
0191,2024-07-21,46101
0191,2024-07-22,55981
0191,2024-07-23,57099
0270,2024-01-01,5130
0270,2024-01-02,4513
0270,2024-01-03,3761
0270,2024-01-04,4028
0270,2024-01-05,3998
0270,2024-01-06,3557
0270,2024-01-07,3289
0270,2024-01-08,3215
0270,2024-01-09,2927
0270,2024-01-10,3198
0270,2024-01-11,3077
0270,2024-01-12,4895
0270,2024-01-13,4150
0270,2024-01-14,3861
0270,2024-01-15,3786
0270,2024-01-16,3067
0270,2024-01-17,3199
0270,2024-01-18,3273
0270,2024-01-19,5138
0270,2024-01-20,4529
0270,2024-01-21,4192
0270,2024-01-22,3542
0270,2024-01-23,3215
0270,2024-01-24,3308
0270,2024-01-25,3464
0270,2024-01-26,4621
0270,2024-01-27,4405
0270,2024-01-28,4448
0270,2024-01-29,3642
0270,2024-01-30,3310
0270,2024-01-31,3301
0270,2024-02-01,3761
0270,2024-02-02,4236
0270,2024-02-03,5296
0270,2024-02-04,3748
0270,2024-02-05,3229
0270,2024-02-06,3326
0270,2024-02-07,3473
0270,2024-02-08,3790
0270,2024-02-09,4510
0270,2024-02-10,4758
0270,2024-02-11,3943
0270,2024-02-12,3915
0270,2024-02-13,3709
0270,2024-02-14,3555
0270,2024-02-15,4067
0270,2024-02-16,6009
0270,2024-02-17,5045
0270,2024-02-18,4101
0270,2024-02-19,4449
0270,2024-02-20,3819
0270,2024-02-21,3959
0270,2024-02-22,3883
0270,2024-02-23,4866
0270,2024-02-24,5159
0270,2024-02-25,5133
0270,2024-02-26,4234
0270,2024-02-27,3541
0270,2024-02-28,3631
0270,2024-02-29,4103
0270,2024-03-01,5533
0270,2024-03-02,4606
0270,2024-03-03,4504
0270,2024-03-04,3738
0270,2024-03-05,3422
0270,2024-03-06,3632
0270,2024-03-07,3725
0270,2024-03-08,4513
0270,2024-03-09,4831
0270,2024-03-10,4655
0270,2024-03-11,4010
0270,2024-03-12,3692
0270,2024-03-13,3981
0270,2024-03-14,4212
0270,2024-03-15,5142
0270,2024-03-16,4621
0270,2024-03-17,4621
0270,2024-03-18,3712
0270,2024-03-19,3615
0270,2024-03-20,3393
0270,2024-03-21,3998
0270,2024-03-22,4121
0270,2024-03-23,3470
0270,2024-03-24,4950
0270,2024-03-25,4374
0270,2024-03-26,3933
0270,2024-03-27,4047
0270,2024-03-28,4242
0270,2024-03-29,5752
0270,2024-03-30,5103
0270,2024-03-31,4916
0270,2024-04-01,4451
0270,2024-04-02,3536
0270,2024-04-03,3412
0270,2024-04-04,3542
0270,2024-04-05,4558
0270,2024-04-06,4558
0270,2024-04-07,4599
0270,2024-04-08,3245
0270,2024-04-09,3094
0270,2024-04-10,3146
0270,2024-04-11,3411
0270,2024-04-12,4769
0270,2024-04-13,4578
0270,2024-04-14,4626
0270,2024-04-15,3395
0270,2024-04-16,2998
0270,2024-04-17,3187
0270,2024-04-18,3413
0270,2024-04-19,5888
0270,2024-04-20,4564
0270,2024-04-21,4684
0270,2024-04-22,3482
0270,2024-04-23,2991
0270,2024-04-24,3034
0270,2024-04-25,3274
0270,2024-04-26,4856
0270,2024-04-27,4366
0270,2024-04-28,4646
0270,2024-04-29,3157
0270,2024-04-30,2824
0270,2024-05-01,3203
0270,2024-05-02,3200
0270,2024-05-03,4162
0270,2024-05-04,4123
0270,2024-05-05,4183
0270,2024-05-06,3268
0270,2024-05-07,3118
0270,2024-05-08,2810
0270,2024-05-09,3028
0270,2024-05-10,4231
0270,2024-05-11,4422
0270,2024-05-12,4859
0270,2024-05-13,3281
0270,2024-05-14,3087
0270,2024-05-15,2825
0270,2024-05-16,2990
0270,2024-05-17,4125
0270,2024-05-18,3919
0270,2024-05-19,4121
0270,2024-05-20,3024
0270,2024-05-21,2758
0270,2024-05-22,3020
0270,2024-05-23,3098
0270,2024-05-24,4736
0270,2024-05-25,5162
0270,2024-05-26,5188
0270,2024-05-27,6222
0270,2024-05-28,2989
0270,2024-05-29,2759
0270,2024-05-30,2878
0270,2024-05-31,3886
0270,2024-06-01,3859
0270,2024-06-02,3742
0270,2024-06-03,3124
0270,2024-06-04,2645
0270,2024-06-05,2862
0270,2024-06-06,3310
0270,2024-06-07,3876
0270,2024-06-08,3749
0270,2024-06-09,4391
0270,2024-06-10,3265
0270,2024-06-11,2373
0270,2024-06-12,2507
0270,2024-06-13,2143
0270,2024-06-14,3061
0270,2024-06-15,3307
0270,2024-06-16,3589
0270,2024-06-17,3306
0270,2024-06-18,2884
0270,2024-06-19,2825
0270,2024-06-20,3045
0270,2024-06-21,4102
0270,2024-06-22,3907
0270,2024-06-23,3663
0270,2024-06-24,2963
0270,2024-06-25,2573
0270,2024-06-26,2772
0270,2024-06-27,3001
0270,2024-06-28,3770
0270,2024-06-29,4129
0270,2024-06-30,3584
0270,2024-07-01,3174
0270,2024-07-02,3000
0270,2024-07-03,4707
0270,2024-07-04,3873
0270,2024-07-05,4669
0270,2024-07-06,4704
0270,2024-07-07,6095
0270,2024-07-08,3410
0270,2024-07-09,3068
0270,2024-07-10,3007
0270,2024-07-11,3126
0270,2024-07-12,4857
0270,2024-07-13,4075
0270,2024-07-14,3889
0270,2024-07-15,3419
0270,2024-07-16,2941
0270,2024-07-17,3100
0270,2024-07-18,3641
0270,2024-07-19,4913
0270,2024-07-20,4373
0270,2024-07-21,4415
0270,2024-07-22,4004
0270,2024-07-23,3432
0270,2024-07-24,2936
0270,2024-07-25,3521
0270,2024-07-26,4685
0270,2024-07-27,4536
0270,2024-07-28,4863
0270,2024-07-29,3605
0270,2024-07-30,2926
0270,2024-07-31,2973
0270,2024-08-01,3318
0270,2024-08-02,3947
0270,2024-08-03,2988
0270,2024-08-04,2500
0270,2024-08-05,2701
0270,2024-08-06,2715
0270,2024-08-07,3157
0270,2024-08-08,3511
0270,2024-08-09,4963
0270,2024-08-10,4623
0270,2024-08-11,5158
0270,2024-08-12,3467
0270,2024-08-13,2974
0270,2024-08-14,2887
0270,2024-08-15,3004
0270,2024-08-16,4145
0270,2024-08-17,3974
0270,2024-08-18,4175
0270,2024-08-19,2835
0270,2024-08-20,2578
0270,2024-08-21,2649
0270,2024-08-22,2746
0270,2024-08-23,3935
0270,2024-08-24,3713
0270,2024-08-25,3753
0270,2024-08-26,2644
0270,2024-08-27,2375
0270,2024-08-28,2407
0270,2024-08-29,2752
0270,2024-08-30,4914
0270,2024-08-31,4412
0270,2024-09-01,4177
0270,2024-09-02,5706
0270,2024-09-03,2626
0270,2024-09-04,2165
0270,2024-09-05,2396
0270,2024-09-06,3458
0270,2024-09-07,3376
0270,2024-09-08,3427
0270,2024-09-09,2459
0270,2024-09-10,2315
0270,2024-09-11,2796
0270,2024-09-12,2528
0270,2024-09-13,3417
0270,2024-09-14,3174
0270,2024-09-15,3434
0270,2024-09-16,2619
0270,2024-09-17,2210
0270,2024-09-18,2422
0270,2024-09-19,2533
0270,2024-09-20,3694
0270,2024-09-21,3460
0270,2024-09-22,3733
0270,2024-09-23,2514
0270,2024-09-24,2696
0270,2024-09-25,2280
0270,2024-09-26,929
0270,2024-09-27,2560
0270,2024-09-28,2886
0270,2024-09-29,3028
0270,2024-09-30,2396
0270,2024-10-01,2279
0270,2024-10-02,2320
0270,2024-10-03,2630
0270,2024-10-04,3366
0270,2024-10-05,2933
0270,2024-10-06,2724
0270,2024-10-07,5111
0270,2024-10-08,10171
0270,2024-10-09,937
0270,2024-10-10,6178
0270,2024-10-11,6527
0270,2024-10-12,2798
0270,2024-10-13,2637
0270,2024-10-14,2311
0270,2024-10-15,2245
0270,2024-10-16,2468
0270,2024-10-17,2608
0270,2024-10-18,3404
0270,2024-10-19,3445
0270,2024-10-20,3600
0270,2024-10-21,2783
0270,2024-10-22,2677
0270,2024-10-23,2633
0270,2024-10-24,2915
0270,2024-10-25,3731
0270,2024-10-26,3560
0270,2024-10-27,4003
0270,2024-10-28,2866
0270,2024-10-29,2667
0270,2024-10-30,2671
0270,2024-10-31,2797
0270,2024-11-01,3962
0270,2024-11-02,3430
0270,2024-11-03,3686
0270,2024-11-04,2961
0270,2024-11-05,2635
0270,2024-11-06,2599
0270,2024-11-07,2871
0270,2024-11-08,4206
0270,2024-11-09,4087
0270,2024-11-10,4041
0270,2024-11-11,3285
0270,2024-11-12,2750
0270,2024-11-13,3318
0270,2024-11-14,3008
0270,2024-11-15,4579
0270,2024-11-16,3945
0270,2024-11-17,3908
0270,2024-11-18,2883
0270,2024-11-19,3323
0270,2024-11-20,2751
0270,2024-11-21,2771
0270,2024-11-22,3894
0270,2024-11-23,3924
0270,2024-11-24,3933
0270,2024-11-25,3265
0270,2024-11-26,3352
0270,2024-11-27,4101
0270,2024-11-28,3384
0270,2024-11-29,4236
0270,2024-11-30,3928
0270,2024-12-01,5071
0270,2024-12-02,3080
0270,2024-12-03,2821
0270,2024-12-04,2781
0270,2024-12-05,3038
0270,2024-12-06,4479
0270,2024-12-07,3505
0270,2024-12-08,3778
0270,2024-12-09,3101
0270,2024-12-10,2838
0270,2024-12-11,2850
0270,2024-12-12,3093
0270,2024-12-13,5235
0270,2024-12-14,3872
0270,2024-12-15,3604
0270,2024-12-16,3285
0270,2024-12-17,2905
0270,2024-12-18,2856
0270,2024-12-19,3125
0270,2024-12-20,3741
0270,2024-12-21,3860
0270,2024-12-22,4107
0270,2024-12-23,4056
0270,2024-12-24,3396
0270,2024-12-25,3586
0270,2024-12-26,4655
0270,2024-12-27,4874
0270,2024-12-28,5118
0270,2024-12-29,3929
0270,2024-12-30,5115
0270,2024-12-31,3870
0351,2024-01-01,37892
0351,2024-01-02,31615
0351,2024-01-03,27570
0351,2024-01-04,27585
0351,2024-01-05,31656
0351,2024-01-06,30780
0351,2024-01-07,33230
0351,2024-01-08,27899
0351,2024-01-09,22673
0351,2024-01-10,25286
0351,2024-01-11,26330
0351,2024-01-12,33626
0351,2024-01-13,33087
0351,2024-01-14,31085
0351,2024-01-15,32289
0351,2024-01-16,25061
0351,2024-01-17,25393
0351,2024-01-18,27021
0351,2024-01-19,32834
0351,2024-01-20,32426
0351,2024-01-21,33607
0351,2024-01-22,26372
0351,2024-01-23,24424
0351,2024-01-24,25558
0351,2024-01-25,27831
0351,2024-01-26,35290
0351,2024-01-27,34323
0351,2024-01-28,37286
0351,2024-01-29,28783
0351,2024-01-30,24577
0351,2024-01-31,26021
0351,2024-02-01,27988
0351,2024-02-02,34252
0351,2024-02-03,36192
0351,2024-02-04,33653
0351,2024-02-05,27273
0351,2024-02-06,25417
0351,2024-02-07,26294
0351,2024-02-08,28438
0351,2024-02-09,30241
0351,2024-02-10,29173
0351,2024-02-11,28386
0351,2024-02-12,29811
0351,2024-02-13,26523
0351,2024-02-14,25782
0351,2024-02-15,30666
0351,2024-02-16,36329
0351,2024-02-17,40612
0351,2024-02-18,35313
0351,2024-02-19,36607
0351,2024-02-20,27616
0351,2024-02-21,27955
0351,2024-02-22,28671
0351,2024-02-23,35515
0351,2024-02-24,37924
0351,2024-02-25,39386
0351,2024-02-26,29339
0351,2024-02-27,26226
0351,2024-02-28,27698
0351,2024-02-29,29401
0351,2024-03-01,36786
0351,2024-03-02,36836
0351,2024-03-03,37775
0351,2024-03-04,28684
0351,2024-03-05,25959
0351,2024-03-06,26780
0351,2024-03-07,29662
0351,2024-03-08,36866
0351,2024-03-09,37575
0351,2024-03-11,30362
0351,2024-03-12,27660
0351,2024-03-13,28137
0351,2024-03-14,30163
0351,2024-03-15,35127
0351,2024-03-16,37103
0351,2024-03-17,39717
0351,2024-03-18,29376
0351,2024-03-19,26723
0351,2024-03-20,28288
0351,2024-03-21,31589
0351,2024-03-22,33845
0351,2024-03-23,34282
0351,2024-03-24,40323
0351,2024-03-25,32263
0351,2024-03-26,29222
0351,2024-03-27,29923
0351,2024-03-28,32597
0351,2024-03-29,37716
0351,2024-03-30,37410
0351,2024-03-31,40255
0351,2024-04-01,31216
0351,2024-04-02,26260
0351,2024-04-03,26971
0351,2024-04-04,28921
0351,2024-04-05,35670
0351,2024-04-06,34954
0351,2024-04-07,36771
0351,2024-04-08,27424
0351,2024-04-09,24189
0351,2024-04-10,25386
0351,2024-04-11,27212
0351,2024-04-12,35886
0351,2024-04-13,34949
0351,2024-04-14,38376
0351,2024-04-15,27822
0351,2024-04-16,24922
0351,2024-04-17,26166
0351,2024-04-18,27557
0351,2024-04-19,34340
0351,2024-04-20,34846
0351,2024-04-21,38096
0351,2024-04-22,28264
0351,2024-04-23,24769
0351,2024-04-24,25491
0351,2024-04-25,28191
0351,2024-04-26,35821
0351,2024-04-27,36087
0351,2024-04-28,39701
0351,2024-04-29,27562
0351,2024-04-30,25094
0351,2024-05-01,25878
0351,2024-05-02,27939
0351,2024-05-03,35323
0351,2024-05-04,32957
0351,2024-05-05,35650
0351,2024-05-06,28110
0351,2024-05-07,22142
0351,2024-05-08,25627
0351,2024-05-09,27757
0351,2024-05-10,36740
0351,2024-05-11,36018
0351,2024-05-12,39291
0351,2024-05-13,28666
0351,2024-05-14,23410
0351,2024-05-15,24814
0351,2024-05-16,25888
0351,2024-05-17,34635
0351,2024-05-18,32637
0351,2024-05-19,34922
0351,2024-05-20,26410
0351,2024-05-21,23662
0351,2024-05-22,24757
0351,2024-05-23,27882
0351,2024-05-24,41123
0351,2024-05-25,39696
0351,2024-05-26,35965
0351,2024-05-27,41259
0351,2024-05-28,26822
0351,2024-05-29,24924
0351,2024-05-30,26668
0351,2024-05-31,33445
0351,2024-06-01,32160
0351,2024-06-02,32845
0351,2024-06-03,26572
0351,2024-06-04,23781
0351,2024-06-05,24919
0351,2024-06-06,27481
0351,2024-06-07,34652
0351,2024-06-08,32383
0351,2024-06-09,34862
0351,2024-06-10,27732
0351,2024-06-11,21671
0351,2024-06-12,20729
0351,2024-06-13,23442
0351,2024-06-14,32227
0351,2024-06-15,31569
0351,2024-06-16,33099
0351,2024-06-17,28326
0351,2024-06-18,24875
0351,2024-06-19,25817
0351,2024-06-20,27686
0351,2024-06-21,34438
0351,2024-06-22,31905
0351,2024-06-23,33665
0351,2024-06-24,27307
0351,2024-06-26,25168
0351,2024-06-27,28052
0351,2024-06-28,34136
0351,2024-06-29,33045
0351,2024-06-30,32987
0351,2024-07-01,27134
0351,2024-07-02,24412
0351,2024-07-03,31872
0351,2024-07-04,26910
0351,2024-07-05,31298
0351,2024-07-06,33925
0351,2024-07-07,40396
0351,2024-07-08,27486
0351,2024-07-09,24063
0351,2024-07-10,24767
0351,2024-07-11,27554
0351,2024-07-12,34659
0351,2024-07-13,33924
0351,2024-07-14,34086
0351,2024-07-15,28927
0351,2024-07-16,24146
0351,2024-07-17,24862
0351,2024-07-18,26945
0351,2024-07-19,34677
0351,2024-07-20,34498
0351,2024-07-21,36782
0351,2024-07-22,27669
0351,2024-07-23,24979
0351,2024-08-05,13616
0351,2024-08-06,24287
0351,2024-08-07,24864
0351,2024-08-08,25620
0351,2024-08-09,32852
0351,2024-08-10,33063
0351,2024-08-11,34006
0351,2024-08-12,24837
0351,2024-08-13,23720
0351,2024-08-14,25060
0351,2024-08-15,26367
0351,2024-08-16,32746
0351,2024-08-17,31349
0351,2024-08-18,33561
0351,2024-08-19,25061
0351,2024-08-20,22514
0351,2024-08-21,22909
0351,2024-08-22,24591
0351,2024-08-23,31988
0351,2024-08-24,29399
0351,2024-08-25,31261
0351,2024-08-26,23657
0351,2024-08-27,21919
0351,2024-08-28,21945
0351,2024-08-29,22577
0351,2024-08-30,38509
0351,2024-08-31,35459
0351,2024-09-01,29363
0351,2024-09-02,37719
0351,2024-09-03,23394
0351,2024-09-04,21594
0351,2024-09-05,22809
0351,2024-09-06,29551
0351,2024-09-07,28981
0351,2024-09-08,31703
0351,2024-09-09,24281
0351,2024-09-10,21246
0351,2024-09-11,21041
0351,2024-09-12,25549
0351,2024-09-13,32983
0351,2024-09-14,26362
0351,2024-09-15,31514
0351,2024-09-16,24660
0351,2024-09-17,22132
0351,2024-09-18,22071
0351,2024-09-19,24454
0351,2024-09-20,32639
0351,2024-09-21,31053
0351,2024-09-22,34563
0351,2024-09-23,24476
0351,2024-09-24,22999
0351,2024-09-25,25968
0351,2024-09-26,11486
0351,2024-09-27,27811
0351,2024-09-28,28228
0351,2024-09-29,31023
0351,2024-09-30,26020
0351,2024-10-01,23356
0351,2024-10-02,23024
0351,2024-10-03,26002
0351,2024-10-04,31347
0351,2024-10-05,30520
0351,2024-10-06,32093
0351,2024-10-07,42503
0351,2024-10-08,36430
0351,2024-10-09,14406
0351,2024-10-10,34146
0351,2024-10-11,43077
0351,2024-10-12,32880
0351,2024-10-13,30349
0351,2024-10-14,27592
0351,2024-10-15,24558
0351,2024-10-16,24476
0351,2024-10-17,25980
0351,2024-10-18,34699
0351,2024-10-19,33658
0351,2024-10-20,35303
0351,2024-10-21,29284
0351,2024-10-22,24890
0351,2024-10-23,24914
0351,2024-10-24,27064
0351,2024-10-25,35140
0351,2024-10-26,32175
0351,2024-10-27,37036
0351,2024-10-28,28152
0351,2024-10-29,24819
0351,2024-10-30,24898
0351,2024-10-31,25340
0351,2024-11-01,33027
0351,2024-11-02,31824
0351,2024-11-03,34850
0351,2024-11-04,27090
0351,2024-11-05,24040
0351,2024-11-06,24231
0351,2024-11-07,27045
0351,2024-11-08,35291
0351,2024-11-09,35121
0351,2024-11-10,36654
0351,2024-11-11,30747
0351,2024-11-12,25479
0351,2024-11-13,24944
0351,2024-11-14,26825
0351,2024-11-15,34212
0351,2024-11-16,32725
0351,2024-11-17,36079
0351,2024-11-18,26764
0351,2024-11-19,21177
0351,2024-11-20,24240
0351,2024-11-21,26797
0351,2024-11-22,34244
0351,2024-11-23,35137
0351,2024-11-24,36040
0351,2024-11-25,30117
0351,2024-11-26,30473
0351,2024-11-27,41219
0351,2024-11-28,32675
0351,2024-11-29,38044
0351,2024-11-30,39113
0351,2024-12-01,43735
0351,2024-12-02,28534
0351,2024-12-03,24709
0351,2024-12-04,25795
0351,2024-12-05,28024
0351,2024-12-06,34041
0351,2024-12-07,33886
0351,2024-12-08,35680
0351,2024-12-09,28754
0351,2024-12-10,25439
0351,2024-12-11,26379
0351,2024-12-12,28705
0351,2024-12-13,35414
0351,2024-12-14,35035
0351,2024-12-15,36010
0351,2024-12-16,28578
0351,2024-12-17,25275
0351,2024-12-18,26680
0351,2024-12-19,28588
0351,2024-12-20,35714
0351,2024-12-21,33935
0351,2024-12-22,36163
0351,2024-12-23,36005
0351,2024-12-24,32395
0351,2024-12-25,30612
0351,2024-12-26,37281
0351,2024-12-27,37262
0351,2024-12-28,38005
0351,2024-12-29,34940
0351,2024-12-30,34597
0351,2024-12-31,30911
9950,2024-01-01,94791
9950,2024-01-02,123063
9950,2024-01-03,122367
9950,2024-01-05,125527
9950,2024-01-06,101782
9950,2024-01-07,95099
9950,2024-01-08,122699
9950,2024-01-09,114763
9950,2024-01-10,117460
9950,2024-01-11,122899
9950,2024-01-12,130278
9950,2024-01-13,109930
9950,2024-01-14,93886
9950,2024-01-15,119973
9950,2024-01-16,115120
9950,2024-01-17,124323
9950,2024-01-18,127365
9950,2024-01-19,131376
9950,2024-01-20,112942
9950,2024-01-21,100015
9950,2024-01-22,119243
9950,2024-01-23,120223
9950,2024-01-24,124554
9950,2024-01-25,124233
9950,2024-01-26,131214
9950,2024-01-27,116660
9950,2024-01-28,101374
9950,2024-01-29,123379
9950,2024-01-30,122575
9950,2024-01-31,122410
9950,2024-02-01,130411
9950,2024-02-02,131781
9950,2024-02-03,118244
9950,2024-02-04,95821
9950,2024-02-05,114909
9950,2024-02-06,124154
9950,2024-02-07,126151
9950,2024-02-08,130493
9950,2024-02-09,121331
9950,2024-02-10,98494
9950,2024-02-11,86934
9950,2024-02-12,126546
9950,2024-02-13,125416
9950,2024-02-14,128587
9950,2024-02-15,134498
9950,2024-02-16,138696
9950,2024-02-17,123998
9950,2024-02-18,95791
9950,2024-02-19,128024
9950,2024-02-22,126330
9950,2024-02-23,138690
9950,2024-02-24,125020
9950,2024-02-25,110547
9950,2024-02-26,128587
9950,2024-02-27,127319
9950,2024-02-28,129484
9950,2024-02-29,134322
9950,2024-03-01,136872
9950,2024-03-02,121300
9950,2024-03-03,109760
9950,2024-03-04,125569
9950,2024-03-05,125507
9950,2024-03-06,127133
9950,2024-03-07,134838
9950,2024-03-08,139934
9950,2024-03-09,123187
9950,2024-03-11,129862
9950,2024-03-12,128360
9950,2024-03-13,131440
9950,2024-03-14,130583
9950,2024-03-15,137836
9950,2024-03-16,121013
9950,2024-03-17,111273
9950,2024-03-18,127882
9950,2024-03-19,129887
9950,2024-04-02,22
9950,2024-04-03,97646
9950,2024-04-04,130325
9950,2024-04-05,136365
9950,2024-04-06,116877
9950,2024-04-07,101616
9950,2024-04-09,121181
9950,2024-04-11,123816
9950,2024-04-12,131120
9950,2024-04-14,102977
9950,2024-04-15,122456
9950,2024-04-16,121850
9950,2024-04-17,120941
9950,2024-04-18,127680
9950,2024-04-19,134466
9950,2024-04-20,112501
9950,2024-04-21,100862
9950,2024-04-22,120843
9950,2024-04-23,116369
9950,2024-04-24,122546
9950,2024-04-25,125748
9950,2024-04-26,130316
9950,2024-04-27,112429
9950,2024-04-28,98739
9950,2024-04-29,117113
9950,2024-04-30,118413
9950,2024-05-01,120584
9950,2024-05-02,121264
9950,2024-05-03,130208
9950,2024-05-04,104289
9950,2024-05-05,93395
9950,2024-05-06,116222
9950,2024-05-07,113831
9950,2024-05-08,116033
9950,2024-05-09,119292
9950,2024-05-10,126149
9950,2024-05-11,105255
9950,2024-05-12,94422
9950,2024-05-13,114955
9950,2024-05-14,113787
9950,2024-05-15,113355
9950,2024-05-16,105477
9950,2024-05-17,125249
9950,2024-05-18,101182
9950,2024-05-19,88488
9950,2024-05-20,107606
9950,2024-05-21,113058
9950,2024-05-22,115522
9950,2024-05-23,119234
9950,2024-05-24,128666
9950,2024-05-25,103328
9950,2024-05-26,85744
9950,2024-05-27,89510
9950,2024-05-28,113389
9950,2024-05-29,113518
9950,2024-05-30,116316
9950,2024-05-31,121585
9950,2024-06-01,96535
9950,2024-06-02,82136
9950,2024-06-03,109521
9950,2024-06-04,109729
9950,2024-06-05,112516
9950,2024-06-06,115899
9950,2024-06-07,120013
9950,2024-06-08,95345
9950,2024-06-09,84189
9950,2024-06-10,109261
9950,2024-06-11,94232
9950,2024-06-13,97833
9950,2024-06-14,115233
9950,2024-06-15,94220
9950,2024-06-16,83172
9950,2024-06-17,111664
9950,2024-06-18,111934
9950,2024-06-19,111314
9950,2024-06-20,114238
9950,2024-06-21,119423
9950,2024-06-22,93067
9950,2024-06-23,79742
9950,2024-06-24,90291
9950,2024-06-25,90947
9950,2024-06-26,89440
9950,2024-06-27,91820
9950,2024-06-28,96891
9950,2024-06-29,79416
9950,2024-06-30,67682
9950,2024-07-01,89584
9950,2024-07-02,89097
9950,2024-07-03,95103
9950,2024-07-04,61274
9950,2024-07-05,82337
9950,2024-07-06,76886
9950,2024-07-07,74185
9950,2024-07-08,87719
9950,2024-07-09,73893
9950,2024-07-10,74740
9950,2024-07-11,74369
9950,2024-07-12,76881
9950,2024-07-13,64174
9950,2024-07-14,56681
9950,2024-07-15,73672
9950,2024-07-16,72157
9950,2024-07-17,74948
9950,2024-07-18,74153
9950,2024-07-19,78133
9950,2024-07-20,65728
9950,2024-07-21,58711
9950,2024-07-22,70594
9950,2024-07-23,72624
9975,2024-11-05,11674
9975,2024-11-06,7657
9975,2024-11-07,18456
9975,2024-11-08,25131
9975,2024-11-09,23942
9975,2024-11-10,19858
9975,2024-11-11,22849
9975,2024-11-12,22896
9975,2024-11-13,22867
9975,2024-11-14,23352
9975,2024-11-15,25846
9975,2024-11-16,24481
9975,2024-11-17,20245
9975,2024-11-18,22663
9975,2024-11-19,23756
9975,2024-11-20,23275
9975,2024-11-21,23630
9975,2024-11-22,25151
9975,2024-11-23,23120
9975,2024-11-24,20004
9975,2024-11-25,23034
9975,2024-11-26,23391
9975,2024-11-27,25906
9975,2024-11-28,19879
9975,2024-11-29,22646
9975,2024-11-30,21669
9975,2024-12-01,21354
9975,2024-12-02,23278
9975,2024-12-03,23133
9975,2024-12-04,23138
9975,2024-12-05,22967
9975,2024-12-06,25522
9975,2024-12-07,22756
9975,2024-12-08,19846
9975,2024-12-09,23589
9975,2024-12-10,23653
9975,2024-12-11,23032
9975,2024-12-12,23755
9975,2024-12-13,25818
9975,2024-12-14,23698
9975,2024-12-15,20631
9975,2024-12-16,23584
9975,2024-12-17,23705
9975,2024-12-18,23733
9975,2024-12-19,24218
9975,2024-12-20,25821
9975,2024-12-21,25326
9975,2024-12-22,21100
9975,2024-12-23,25569
9975,2024-12-24,22625
9975,2024-12-25,18678
9975,2024-12-26,22523
9975,2024-12-27,23771
9975,2024-12-28,22310
9975,2024-12-29,18395
9975,2024-12-31,21838
