year,month,passengers
1984,1,119003
1984,2,145264
1984,3,194287
1984,4,162774
1984,5,95239
1984,6,74839
1984,7,69056
1984,8,75638
1984,9,59129
1984,10,78312
1984,11,110087
1984,12,128309
1985,1,141374
1985,2,178502
1985,3,252168
1985,4,209759
1985,5,132641
1985,6,105550
1985,7,105729
1985,8,104585
1985,9,76252
1985,10,99949
1985,11,121252
1985,12,174208
1986,1,190848
1986,2,217399
1986,3,291152
1986,4,233442
1986,5,153850
1986,6,129823
1986,7,139460
1986,8,146677
1986,9,109977
1986,10,138004
1986,11,172869
1986,12,206047
1987,1,227394
1987,2,283523
1987,3,367799
1987,4,311189
1987,5,217286
1987,6,166567
1987,7,171679
1987,8,166045
1987,9,131943
1987,10,171489
1987,11,222977
1987,12,249162
1988,1,277516
1988,2,344286
1988,3,423866
1988,4,355450
1988,5,229545
1988,6,192604
1988,7,184775
1988,8,185683
1988,9,150429
1988,10,214449
1988,11,268579
1988,12,287942
1989,1,321471
1989,2,366349
1989,3,424953
1989,4,346751
1989,5,226827
1989,6,196417
1989,7,194298
1989,8,194431
1989,9,160363
1989,10,223199
1989,11,273635
1989,12,302398
1990,1,352907
1990,2,404012
1990,3,501920
1990,4,433853
1990,5,291345
1990,6,234406
1990,7,226405
1990,8,237382
1990,9,176062
1990,10,240400
1990,11,310104
1990,12,325271
1991,1,385045
1991,2,407226
1991,3,469963
1991,4,381791
1991,5,242127
1991,6,199281
1991,7,191704
1991,8,193292
1991,9,153405
1991,10,214520
1991,11,269347
1991,12,328819
1992,1,340820
1992,2,385415
1992,3,452125
1992,4,353761
1992,5,241220
1992,6,221217
1992,7,233395
1992,8,223537
1992,9,181768
1992,10,221033
1992,11,284867
1992,12,333503
1993,1,358666
1993,2,409624
1993,3,490243
1993,4,440155
1993,5,275765
1993,6,216392
1993,7,213790
1993,8,216174
1993,9,178005
1993,10,252570
1993,11,313200
1993,12,353174
1994,1,386371
1994,2,432144
1994,3,563626
1994,4,455235
1994,5,291418
1994,6,232057
1994,7,232079
1994,8,234627
1994,9,201421
1994,10,260543
1994,11,338805
1994,12,376741
1995,1,422443
1995,2,447864
1995,3,564559
1995,4,478355
1995,5,292074
1995,6,242179
1995,7,235412
1995,8,230176
1995,9,187256
1995,10,263465
1995,11,343441
1995,12,391040
1996,1,424428
1996,2,503291
1996,3,600771
1996,4,497808
1996,5,321816
1996,6,262798
1996,7,252172
1996,8,246512
1996,9,193200
1996,10,272850
1996,11,336544
1996,12,405157
1997,1,434198
1997,2,489485
1997,3,615288
1997,4,487060
1997,5,343538
1997,6,276806
1997,7,280088
1997,8,270287
1997,9,214043
1997,10,296371
1997,11,356838
1997,12,413863
1998,1,460928
1998,2,512930
1998,3,615067
1998,4,536563
1998,5,338403
1998,6,287839
1998,7,288981
1998,8,273395
1998,9,212505
1998,10,319621
1998,11,387319
1998,12,433656
1999,1,483370
1999,2,529469
1999,3,660327
1999,4,542397
1999,5,362220
1999,6,309563
1999,7,311150
1999,8,290900
1999,9,242774
1999,10,340743
1999,11,392063
1999,12,432277
2000,1,466953
2000,2,551168
2000,3,670815
2000,4,572411
2000,5,392469
2000,6,337616
2000,7,338233
2000,8,315998
2000,9,261012
2000,10,374093
2000,11,449628
2000,12,476816
2001,1,536399
2001,2,589055
2001,3,731399
2001,4,609040
2001,5,421257
2001,6,356206
2001,7,370961
2001,8,350746
2001,9,197561
2001,10,301597
2001,11,389004
2001,12,424483
2002,1,478012
2002,2,559180
2002,3,705181
2002,4,553196
2002,5,389791
2002,6,332341
2002,7,327939
2002,8,309889
2002,9,246869
2002,10,349719
2002,11,430742
2002,12,502789
2003,1,539964
2003,2,600437
2003,3,785510
2003,4,656647
2003,5,443185
2003,6,367535
2003,7,387974
2003,8,357919
2003,9,283411
2003,10,416949
2003,11,504838
2003,12,547299
2004,1,591333
2004,2,710426
2004,3,861842
2004,4,726340
2004,5,502700
2004,6,443125
2004,7,462743
2004,8,407670
2004,9,319237
2004,10,481945
2004,11,585828
2004,12,643441
2005,1,674915
2005,2,775010
2005,3,1017790
2005,4,816158
2005,5,591146
2005,6,509431
2005,7,509659
2005,8,446244
2005,9,368015
2005,10,479131
2005,11,656638
2005,12,674032
2006,1,725195
2006,2,774929
2006,3,997869
2006,4,847758
2006,5,574963
2006,6,505252
2006,7,502598
2006,8,446415
2006,9,368245
2006,10,513426
2006,11,660658
2006,12,725909
2007,1,783207
2007,2,841727
2007,3,1081425
2007,4,924919
2007,5,603870
2007,6,525258
2007,7,535264
2007,8,488539
2007,9,387452
2007,10,537606
2007,11,651495
2007,12,688914
2008,1,762316
2008,2,845741
2008,3,1030151
2008,4,834689
2008,5,576143
2008,6,488266
2008,7,502932
2008,8,448667
2008,9,328278
2008,10,492258
2008,11,603366
2008,12,691038
2009,1,732851
2009,2,809990
2009,3,985267
2009,4,849815
2009,5,524520
2009,6,461295
2009,7,492063
2009,8,454927
2009,9,359743
2009,10,470931
2009,11,598478
2009,12,676078
2010,1,731739
2010,2,755095
2010,3,996685
2010,4,813329
2010,5,552105
2010,6,476625
2010,7,490227
2010,8,444714
2010,9,374590
2010,10,532025
2010,11,652783
2010,12,694399
2011,1,726322
2011,2,790124
2011,3,1073918
2011,4,907832
2011,5,587633
2011,6,473332
2011,7,457194
2011,8,420105
2011,9,351881
2011,10,469145
2011,11,612470
2011,12,667789
2012,1,704427
2012,2,781849
2012,3,1024221
2012,4,790322
2012,5,531946
2012,6,454044
2012,7,464896
2012,8,421211
2012,9,354640
2012,10,484768
2012,11,658629
2012,12,679672
2013,1,755232
2013,2,827147
2013,3,1115937
2013,4,815978
2013,5,576713
2013,6,473208
2013,7,467946
2013,8,414303
2013,9,338175
2013,10,478376
2013,11,639047
2013,12,735739
2014,1,778163
2014,2,862899
2014,3,1147059
2014,4,865554
2014,5,591116
2014,6,478692
2014,7,496472
2014,8,446402
2014,9,366038
2014,10,503243
2014,11,669567
2014,12,765288
2015,1,854953
2015,2,906039
2015,3,1181382
2015,4,902669
2015,5,602891
2015,6,481512
2015,7,492114
2015,8,454360
2015,9,404045
2015,10,535921
2015,11,720556
2015,12,835359
2016,1,918929
2016,2,989845
2016,3,1269961
2016,4,900594
2016,5,606833
2016,6,492413
2016,7,484074
2016,8,431729
2016,9,391844
2016,10,550316
2016,11,727634
2016,12,840501
2017,1,892905
2017,2,946079
2017,3,1252124
2017,4,1032783
2017,5,629321
2017,6,528383
2017,7,530428
2017,8,481185
2017,9,327466
2017,10,581317
2017,11,767064
2017,12,873494
2018,1,965981
2018,2,1053817
2018,3,1379728
2018,4,939957
2018,5,668665
2018,6,546159
2018,7,561039
2018,8,501023
2018,9,418256
2018,10,569553
2018,11,810283
2018,12,958717
2019,1,1050093
2019,2,1117409
2019,3,1482239
2019,4,1111558
2019,5,725754
2019,6,586319
2019,7,570977
2019,8,526519
2019,9,460869
2019,10,638922
2019,11,876703
2019,12,1077818
2020,1,1132103
2020,2,1241590
2020,3,861221
2020,4,53379
2020,5,143004
2020,6,237706
2020,7,256418
2020,8,231283
2020,9,255926
2020,10,417305
2020,11,500468
2020,12,648011
2021,1,686563
2021,2,725735
2021,3,1162342
2021,4,1107004
2021,5,946366
2021,6,839377
2021,7,814471
2021,8,647534
2021,9,551041
2021,10,769524
2021,11,986908
2021,12,1085569
2022,1,1044816
2022,2,1149618
2022,3,1514046
2022,4,1221628
2022,5,836379
2022,6,663141
2022,7,671225
2022,8,620532
2022,9,515077
2022,10,432667
2022,11,812305
2022,12,862368
2023,1,932896
2023,2,967416
2023,3,1166442
2023,4,981216
2023,5,760330
2023,6,643486
2023,7,670818
2023,8,601542
2023,9,560358
2023,10,737527
2023,11,953025
2023,12,1094793
2024,1,1108190
2024,2,1223761
2024,3,1509777
2024,4,1133256
2024,5,843270
2024,6,696867
2024,7,677137
2024,8,614531
2024,9,523004
2024,10,657488
2024,11,919108
2024,12,1121793
2025,1,1067794
2025,2,1173638
2025,3,1463628
2025,4,1178980
2025,5,834862
2025,6,698573
2025,7,720973
2025,8,647917
2025,9,550259
2025,10,774689
2025,11,940689
2025,12,1102456
