origin,country,homes,total_value,median_value,share
NY,USA,6446,4135420011,410157.5,0.10301732404270281
IL,USA,6437,5638571244,510930,0.10287348973981973
MA,USA,5788,3564423050,349447,0.09250143834302883
MI,USA,5065,4234801948,487100,0.08094674934475485
OH,USA,4721,4117288724,503005,0.0754490826567794
PA,USA,4083,3309117514,447150,0.06525282874129003
CANADA:ON,CANADA,3959,3099026577,413000,0.06327111167934539
NJ,USA,3947,2684105773,440982,0.06307933260883462
IN,USA,2081,1904122908,533760,0.03325768714440964
MN,USA,1997,1700740243,490085,0.03191523365083424
WI,USA,1832,1633342750,509915,0.02927827143131113
CT,USA,1599,1170029472,440000,0.025554561145560314
KY,USA,935,946066001,481671,0.014942785910630953
NH,USA,914,612247997,417640,0.014607172537237104
MO,USA,911,1047501863,620435,0.01455922776960941
MD,USA,904,826880301,535961.5,0.014447356645144793
CO,USA,878,502396948,284172.5,0.014031835325704787
VA,USA,832,790300975,528340,0.013296682222080164
GA,USA,756,475292666,297459.5,0.01208208144217861
CA,USA,734,506041418,412664,0.011730486479575529
TX,USA,694,807975679,486521,0.01109122291120629
IA,USA,618,524809383,539116.5,0.009876622131304738
TN,USA,598,717559582,582632,0.009556990347120117
RI,USA,580,329968842,343184.5,0.00926932174135396
CANADA:QC,CANADA,469,278489778,315303,0.007495365339129323
NC,USA,435,406720983,457000,0.00695199130601547
GERMANY:unknown,GERMANY,337,295007489,492680,0.005385795563510836
ME,USA,337,248717572,361200,0.005385795563510836
DE,USA,254,169695601,354927.5,0.004059323659144665
KS,USA,232,264334788,661902.5,0.003707728696541584
SC,USA,187,180458659,438186,0.0029885571821261906
UT,USA,187,84380544,277342,0.0029885571821261906
UNITED KINGDOM:unknown,UNITED KINGDOM,167,165189784,609350,0.002668925397941571
AZ,USA,148,98445289,488080,0.002365275202966183
SD,USA,146,156841441,606600,0.002333312024547721
ENGLAND:unknown,ENGLAND,142,108169885,499496,0.0022693856677107973
NE,USA,142,163632236,788688.5,0.0022693856677107973
VT,USA,139,74426833,411520,0.0022214409000831043
WA,USA,133,75178002,389503,0.0021255513648277186
ND,USA,132,119777371,604437,0.0021095697756184873
NV,USA,131,82850169,336040,0.0020935881864092565
OK,USA,102,120020708,554461,0.0016301220993415585
WV,USA,95,64507678,486100,0.0015182509748769418
DC,USA,86,80402042,605445.5,0.0013744166719938632
SWITZERLAND:unknown,SWITZERLAND,86,88724820,610773.5,0.0013744166719938632
WY,USA,80,55483531,446067,0.0012785271367384773
CANADA:MB,CANADA,76,61408533,579759.5,0.0012146007799015534
OR,USA,65,36816132,422677,0.0010388032986000128
AL,USA,64,41788650,423761,0.0010228217093907817
CANADA:AB,CANADA,56,54147786,477881,8.949689957169341e-4
FRANCE:unknown,FRANCE,56,25427147,350760,8.949689957169341e-4
AR,USA,49,70456889,618640,7.830978712523173e-4
CANADA:NS,CANADA,47,28470239,393203,7.511346928338554e-4
POLAND:unknown,POLAND,46,34684574,242207,7.351531036246244e-4
MT,USA,40,31298621,503696,6.392635683692387e-4
AK,USA,37,15382953,298200,5.913188007415457e-4
SWEDEN:unknown,SWEDEN,35,21101619,580830,5.593556223230838e-4
CANADA:BC,CANADA,34,17524899,349365.5,5.433740331138528e-4
LA,USA,34,32133660,385471.5,5.433740331138528e-4
IRELAND:unknown,IRELAND,33,24124277,382000,5.273924439046218e-4
CANADA:NB,CANADA,30,16298871,576660,4.7944767627692897e-4
CZECH REPUBLIC:unknown,CZECH REPUBLIC,30,16835788,433161,4.7944767627692897e-4
MS,USA,24,25162935,403505,3.835581410215432e-4
ID,USA,21,13396381,555512,3.356133733938503e-4
NM,USA,18,29631411,593040,2.876686057661574e-4
CANADA:SK,CANADA,17,10574191,350640,2.716870165569264e-4
ITALY:unknown,ITALY,15,6963350,395625,2.3972383813846448e-4
JAPAN:unknown,JAPAN,15,3222508,195662,2.3972383813846448e-4
NORWAY:unknown,NORWAY,15,7073097,343000,2.3972383813846448e-4
HI,USA,14,7739447,571248,2.2374224892923354e-4
ARGENTINA:unknown,ARGENTINA,11,2809914,230280,1.757974813015406e-4
AUSTRIA:unknown,AUSTRIA,11,5290719,273060,1.757974813015406e-4
BRAZIL:unknown,BRAZIL,11,10087886,909048,1.757974813015406e-4
LUXEMBOURG:unknown,LUXEMBOURG,10,10518176,1109812,1.5981589209230966e-4
BELGIUM:unknown,BELGIUM,9,4842582,241325,1.438343028830787e-4
SCOTLAND:unknown,SCOTLAND,9,8000221,362760,1.438343028830787e-4
CANADA:NL,CANADA,8,3007746,417875,1.2785271367384772e-4
NETHERLANDS:unknown,NETHERLANDS,8,3742260,441541.5,1.2785271367384772e-4
CANADA:unknown,CANADA,7,5412162,679008,1.1187112446461677e-4
HUNGARY:unknown,HUNGARY,7,1973210,244290,1.1187112446461677e-4
PR,USA,6,1866165,289477.5,9.58895352553858e-5
SLOVAKIA:unknown,SLOVAKIA,6,2454943,332222,9.58895352553858e-5
BERMUDA:unknown,BERMUDA,5,3755531,665273,7.990794604615483e-5
CANADA:PE,CANADA,5,740537,91912,7.990794604615483e-5
CHILE:unknown,CHILE,5,1207238,231363,7.990794604615483e-5
CHINA:unknown,CHINA,5,1814801,234020,7.990794604615483e-5
DENMARK:unknown,DENMARK,5,1528758,327240,7.990794604615483e-5
FINLAND:unknown,FINLAND,5,3228404,317720,7.990794604615483e-5
LIECHTENSTEIN:unknown,LIECHTENSTEIN,5,24220497,1295889,7.990794604615483e-5
SPAIN:unknown,SPAIN,5,2406390,382700,7.990794604615483e-5
VI,USA,5,4689924,419941,7.990794604615483e-5
AE,USA,4,733377,183001,6.392635683692386e-5
AUSTRALIA:unknown,AUSTRALIA,4,1505776,389224,6.392635683692386e-5
BARBADOS:unknown,BARBADOS,3,2577108,583124,4.79447676276929e-5
BOLIVIA:unknown,BOLIVIA,3,565024,189254,4.79447676276929e-5
CANADA:FL,CANADA,3,7336179,1541710,4.79447676276929e-5
CAYMAN ISLANDS:unknown,CAYMAN ISLANDS,3,10094742,4607940,4.79447676276929e-5
COLOMBIA:unknown,COLOMBIA,3,879256,270136,4.79447676276929e-5
MEXICO:unknown,MEXICO,3,1707494,701940,4.79447676276929e-5
PUERTO RICO:unknown,PUERTO RICO,3,703962,221832,4.79447676276929e-5
WEST INDIES:unknown,WEST INDIES,3,2004606,328986,4.79447676276929e-5
BRITISH VIRGIN ISLANDS:unknown,BRITISH VIRGIN ISLANDS,2,1041661,520830.5,3.196317841846193e-5
GUERNSEY:unknown,GUERNSEY,2,3651584,1825792,3.196317841846193e-5
HONG KONG:unknown,HONG KONG,2,2249453,1124726.5,3.196317841846193e-5
ISRAEL:unknown,ISRAEL,2,351496,175748,3.196317841846193e-5
MAURITIUS:unknown,MAURITIUS,2,774444,387222,3.196317841846193e-5
MH,USA,2,1105163,552581.5,3.196317841846193e-5
NEW ZEALAND:unknown,NEW ZEALAND,2,2953225,1476612.5,3.196317841846193e-5
PERU:unknown,PERU,2,506315,253157.5,3.196317841846193e-5
RUSSIA:unknown,RUSSIA,2,541864,270932,3.196317841846193e-5
SINGAPORE:unknown,SINGAPORE,2,1400806,700403,3.196317841846193e-5
TAIWAN:unknown,TAIWAN,2,1175140,587570,3.196317841846193e-5
TURKEY:unknown,TURKEY,2,862211,431105.5,3.196317841846193e-5
AP,USA,1,387713,387713,1.5981589209230964e-5
BAHRAIN:unknown,BAHRAIN,1,627522,627522,1.5981589209230964e-5
CANADA:AA,CANADA,1,5950024,5950024,1.5981589209230964e-5
CHANNEL ISLANDS:unknown,CHANNEL ISLANDS,1,22676144,22676144,1.5981589209230964e-5
CYPRUS:unknown,CYPRUS,1,647680,647680,1.5981589209230964e-5
HAITI:unknown,HAITI,1,864917,864917,1.5981589209230964e-5
HOLLAND:unknown,HOLLAND,1,2200024,2200024,1.5981589209230964e-5
ICELAND:unknown,ICELAND,1,893350,893350,1.5981589209230964e-5
MALTA:unknown,MALTA,1,241610,241610,1.5981589209230964e-5
MONACO:unknown,MONACO,1,825202,825202,1.5981589209230964e-5
PANAMA:unknown,PANAMA,1,712564,712564,1.5981589209230964e-5
PARAGUAY:unknown,PARAGUAY,1,176586,176586,1.5981589209230964e-5
PORTUGAL:unknown,PORTUGAL,1,2641000,2641000,1.5981589209230964e-5
SAINT MARTINS:unknown,SAINT MARTINS,1,247820,247820,1.5981589209230964e-5
SOUTH AFRICA:unknown,SOUTH AFRICA,1,189740,189740,1.5981589209230964e-5
THAILAND:unknown,THAILAND,1,819300,819300,1.5981589209230964e-5
UKRAINE:unknown,UKRAINE,1,284534,284534,1.5981589209230964e-5
UNITED ARAB EMIRATES:unknown,UNITED ARAB EMIRATES,1,307992,307992,1.5981589209230964e-5
URUGUAY:unknown,URUGUAY,1,219840,219840,1.5981589209230964e-5
VIRGIN ISLANDS:unknown,VIRGIN ISLANDS,1,310249,310249,1.5981589209230964e-5
WALES:unknown,WALES,1,346980,346980,1.5981589209230964e-5
